name,price,core_count,core_clock,boost_clock,tdp,graphics,smt
AMD Ryzen 7 7800X3D,339,8,4.2,5,120,Radeon,TRUE
AMD Ryzen 5 7600X,204.99,6,4.7,5.3,105,Radeon,TRUE
AMD Ryzen 5 5600X,144.31,6,3.7,4.6,65,Unknown,TRUE
AMD Ryzen 5 7600,185,6,3.8,5.1,65,Radeon,TRUE
Intel Core i9-14900K,544.99,24,3.2,6,125,Intel UHD Graphics 770,TRUE
Intel Core i7-14700K,399.99,20,3.4,5.6,125,Intel UHD Graphics 770,TRUE
Intel Core i5-12400F,128,6,2.5,4.4,65,Unknown,TRUE
AMD Ryzen 5 3600,84,6,3.6,4.2,65,Unknown,TRUE
AMD Ryzen 7 7700X,288.81,8,4.5,5.4,105,Radeon,TRUE
AMD Ryzen 9 7950X3D,564,16,4.2,5.7,120,Radeon,TRUE
AMD Ryzen 5 5600,129.99,6,3.5,4.4,65,Unknown,TRUE
AMD Ryzen 7 5800X,202,8,3.8,4.7,105,Unknown,TRUE
Intel Core i5-12600KF,159.13,10,3.7,4.9,125,Unknown,TRUE
AMD Ryzen 5 5500,91.53,6,3.6,4.2,65,Unknown,TRUE
Intel Core i7-12700K,248,12,3.6,5,125,Intel UHD Graphics 770,TRUE
AMD Ryzen 7 5700X,171.89,8,3.4,4.6,65,Unknown,TRUE
Intel Core i7-13700K,359,16,3.4,5.4,125,Intel UHD Graphics 770,TRUE
Intel Core i5-12600K,175.74,10,3.7,4.9,125,Intel UHD Graphics 770,TRUE
AMD Ryzen 7 5800X3D,261.18,8,3.4,4.5,105,Unknown,TRUE
AMD Ryzen 9 7900X,396.58,12,4.7,5.6,170,Radeon,TRUE
AMD Ryzen 5 5600G,134.48,6,3.9,4.4,65,Radeon Vega 7,TRUE
AMD Ryzen 9 5900X,277.99,12,3.7,4.8,105,Unknown,TRUE
Intel Core i5-13600K,283.99,14,3.5,5.1,125,Intel UHD Graphics 770,TRUE
Intel Core i9-14900KS,652.95,24,3.2,6.2,150,Intel UHD Graphics 770,TRUE
Intel Core i7-12700KF,223.95,12,3.6,5,125,Unknown,TRUE
Intel Core i3-12100F,94.98,4,3.3,4.3,58,Unknown,TRUE
Intel Core i5-13600KF,249.99,14,3.5,5.1,125,Unknown,TRUE
AMD Ryzen 7 7700,281.63,8,3.6,5.3,65,Radeon,TRUE
AMD Threadripper 3990X,4255,64,2.9,4.3,280,Unknown,TRUE
Intel Core i9-13900K,486.59,24,3,5.8,125,Intel UHD Graphics 770,TRUE
Intel Core i7-14700KF,375.74,20,3.4,5.6,125,Unknown,TRUE
Intel Core i5-13400F,185.99,10,2.5,4.6,65,Unknown,TRUE
AMD Ryzen 9 7900X3D,403.99,12,4.4,5.6,120,Radeon,TRUE
Intel Core i9-12900K,334,16,3.2,5.2,125,Intel UHD Graphics 770,TRUE
AMD Ryzen 5 4500,72.77,6,3.6,4.1,65,Unknown,TRUE
AMD Ryzen 9 7950X,510.38,16,4.5,5.7,170,Radeon,TRUE
Intel Core i5-14600K,295.99,14,3.5,5.3,125,Intel UHD Graphics 770,TRUE
AMD Ryzen 7 3700X,205.84,8,3.6,4.4,65,Unknown,TRUE
Intel Core i7-13700KF,303.49,16,3.4,5.4,125,Unknown,TRUE
AMD Ryzen 7 5700G,174.4,8,3.8,4.6,65,Radeon Vega 8,TRUE
AMD Ryzen 7 5700X3D,214.99,8,3,4.1,105,Unknown,TRUE
AMD Ryzen 5 7500F,0,6,3.7,5,65,Unknown,TRUE
AMD Ryzen 9 5950X,363,16,3.4,4.9,105,Unknown,TRUE
Intel Core i5-14600KF,293.99,14,3.5,5.3,125,Unknown,TRUE
AMD Ryzen 5 8500G,179,6,4.1,5,65,Radeon 740M,TRUE
Intel Core i9-14900KF,509.14,24,3.2,6,125,Unknown,TRUE
Intel Core i5-10400F,97.99,6,2.9,4.3,65,Unknown,TRUE
AMD Ryzen 5 4600G,95.16,6,3.7,4.2,65,Radeon Vega 7,TRUE
AMD Ryzen 3 4100,68.98,4,3.8,4,65,Unknown,TRUE
Intel Core i5-14400F,199.99,10,2.5,4.7,65,Unknown,TRUE
AMD Ryzen 9 7900,369,12,3.6,5.4,65,Radeon,TRUE
AMD Ryzen 7 8700G,329,8,4.2,5.1,65,Radeon 780M,TRUE
Intel Core i5-14500,239.99,14,2.6,5,65,Intel UHD Graphics 770,TRUE
AMD Ryzen 5 2600,150,6,3.4,3.9,65,Unknown,TRUE
Intel Core i5-12400,156.76,6,2.5,4.4,65,Intel UHD Graphics 730,TRUE
Intel Core i7-9700K,260,8,3.6,4.9,95,Intel UHD Graphics 630,FALSE
AMD Ryzen 3 3200G,81.39,4,3.6,4,65,Radeon Vega 8,FALSE
Intel Core i7-8700K,193,6,3.7,4.7,95,Intel UHD Graphics 630,TRUE
AMD Ryzen 5 8600G,228.99,6,4.3,5,65,Radeon 760M,TRUE
Intel Core i9-13900KF,488.84,24,3,5.8,125,Unknown,TRUE
Intel Core i3-10100F,70.73,4,3.6,4.3,65,Unknown,TRUE
AMD Threadripper 3970X,1675,32,3.7,4.5,280,Unknown,TRUE
AMD Ryzen 5 7500F,0,6,3.7,5,65,Unknown,TRUE
Intel Core i7-14700F,369.55,20,2.1,5.4,65,Unknown,TRUE
Intel Celeron E1400,14,2,2,0,65,Unknown,FALSE
AMD Ryzen 5 3600X,210,6,3.8,4.4,95,Unknown,TRUE
AMD Ryzen 7 2700X,210,8,3.7,4.3,105,Unknown,TRUE
Intel Core i9-9900K,405,8,3.6,5,95,Intel UHD Graphics 630,TRUE
Intel Core i3-14100F,114.98,4,3.5,4.7,58,Unknown,TRUE
Intel Core i7-10700K,247.25,8,3.8,5.1,125,Intel UHD Graphics 630,TRUE
AMD Ryzen 9 3900X,395,12,3.8,4.6,105,Unknown,TRUE
Intel Core i5-11400F,115.98,6,2.6,4.4,65,Unknown,TRUE
Intel Core i5-13500,244.85,14,2.5,4.8,65,Intel UHD Graphics 770,TRUE
Intel Core i3-12100,116.98,4,3.3,4.3,60,Intel UHD Graphics 730,TRUE
Intel Core i9-12900KF,339.55,16,3.2,5.2,125,Unknown,TRUE
Intel Core i7-12700F,249.99,12,2.1,4.9,65,Unknown,TRUE
Intel Core i3-13100F,109.99,4,3.4,4.5,58,Unknown,TRUE
Intel Core i5-9400F,95.99,6,2.9,4.1,65,Unknown,FALSE
Intel Core i7-7700K,230,4,4.2,4.5,91,Intel HD Graphics 630,TRUE
Intel Core i7-6700K,180,4,4,4.2,91,Intel HD Graphics 530,TRUE
Intel Core i9-13900KS,589.99,24,3,6,150,Intel UHD Graphics 770,TRUE
AMD Ryzen 5 3600,119.99,6,3.6,4.2,65,Unknown,TRUE
Intel Core i7-13700F,349.98,16,2.1,5.2,65,Unknown,TRUE
AMD Ryzen 7 3800X,285,8,3.9,4.5,105,Unknown,TRUE
Intel Core i7-11700K,233,8,3.6,5,125,Intel UHD Graphics 750,TRUE
AMD Ryzen 5 3400G,98.15,4,3.7,4.2,65,Radeon Vega 11,TRUE
Intel Core i5-9600K,137,6,3.7,4.6,95,Intel UHD Graphics 630,FALSE
Intel Core i9-11900K,257.99,8,3.5,5.3,125,Intel UHD Graphics 750,TRUE
Intel Core i5-10400,130,6,2.9,4.3,65,Intel UHD Graphics 630,TRUE
Intel Core i5-6500,67,4,3.2,3.6,65,Intel HD Graphics 530,FALSE
AMD Ryzen 5 2600X,195,6,3.6,4.2,95,Unknown,TRUE
Intel Core i7-8700,200,6,3.2,4.6,65,Intel UHD Graphics 630,TRUE
Intel Core i9-10900K,450,10,3.7,5.3,125,Intel UHD Graphics 630,TRUE
Intel Core i7-14700,399.98,20,2.1,5.4,65,Intel UHD Graphics 770,TRUE
Intel Core i5-13400,228.98,10,2.5,4.6,65,Intel UHD Graphics 730,TRUE
Intel Core i5-8400,124,6,2.8,4,65,Intel UHD Graphics 630,FALSE
AMD Ryzen 5 5500GT,115,6,3.6,4.4,65,Radeon Vega 7,TRUE
Intel Core i3-14100,149,4,3.5,4.7,60,Intel UHD Graphics 730,TRUE
Intel Core i7-4790K,0,4,4,4.4,88,Intel HD Graphics 4600,TRUE
Intel Core i7-6700,128,4,3.4,4,65,Intel HD Graphics 530,TRUE
Intel Core i7-10700F,218.99,8,2.9,4.8,65,Unknown,TRUE
Intel Core i7-12700,265.49,12,2.1,4.9,65,Intel UHD Graphics 770,TRUE
Intel Core i9-12900KS,369,16,3.4,5.5,150,Intel UHD Graphics 770,TRUE
AMD Ryzen 3 3100,170,4,3.6,3.9,65,Unknown,TRUE
Intel Core i5-4690K,53,4,3.5,3.9,88,Intel HD Graphics 4600,FALSE
Intel Core i5-10600K,169.65,6,4.1,4.8,125,Intel UHD Graphics 630,TRUE
AMD Ryzen 9 3950X,495,16,3.5,4.7,105,Unknown,TRUE
Intel Core i7-7700,167,4,3.6,4.2,65,Intel HD Graphics 630,TRUE
AMD Ryzen 5 5600GT,130,6,3.6,4.6,65,Radeon Vega 7,TRUE
Intel Core i9-10850K,279,10,3.6,5.2,125,Intel UHD Graphics 630,TRUE
AMD Threadripper 3960X,1244.02,24,3.8,4.5,280,Unknown,TRUE
Intel Core i5-11400,136.5,6,2.6,4.4,65,Intel UHD Graphics 730,TRUE
Intel Core i9-11900KF,232,8,3.5,5.3,125,Unknown,TRUE
AMD Ryzen 5 1600 (14nm),256.07,6,3.2,3.6,65,Unknown,TRUE
Intel Core i5-14400,229.98,10,2.5,4.7,65,Intel UHD Graphics 730,TRUE
Intel Core i7-4770,74.95,4,3.4,3.9,84,Intel HD Graphics 4600,TRUE
Intel Core i5-10600KF,123,6,4.1,4.8,125,Unknown,TRUE
Intel Core i7-11700F,201.99,8,2.5,4.9,65,Unknown,TRUE
AMD Ryzen 7 2700,185,8,3.2,4.1,65,Unknown,TRUE
Intel Core i7-6950X,804.98,10,3,3.5,140,Unknown,TRUE
Intel Core i5-11600K,179.99,6,3.9,4.9,125,Intel UHD Graphics 750,TRUE
Intel Core i5-6600K,130,4,3.5,3.9,91,Intel HD Graphics 530,FALSE
Intel Core i3-10100,93.74,4,3.6,4.3,65,Intel UHD Graphics 630,TRUE
Intel Core i7-13700,371.99,16,2.1,5.2,65,Intel UHD Graphics 770,TRUE
Intel Core i5-12500,195.98,6,3,4.6,65,Intel UHD Graphics 770,TRUE
Intel Core i7-10700,234.8,8,2.9,4.8,65,Intel UHD Graphics 630,TRUE
AMD Ryzen 5 1600 (12nm),120,6,3.2,3.6,65,Unknown,TRUE
Intel Core i7-3770,95,4,3.4,0,77,Intel HD Graphics 4000,TRUE
Intel Core i3-10105F,79.78,4,3.7,4.4,65,Unknown,TRUE
Intel Core i5-8600K,139,6,3.6,4.3,95,Intel UHD Graphics 630,FALSE
Intel Xeon E5-2699 V4,190,22,2.2,3.6,145,Unknown,TRUE
Intel Core i9-14900,554.99,24,2,5.8,65,Intel UHD Graphics 770,TRUE
AMD Ryzen 3 2200G,130,4,3.5,3.7,65,Radeon Vega 8,FALSE
Intel Core i9-10900KF,255,10,3.7,5.3,125,Unknown,TRUE
Intel Core i5-7500,89,4,3.4,3.8,65,Intel HD Graphics 630,FALSE
Intel Core i9-9900KF,292,8,3.6,5,95,Unknown,TRUE
AMD Ryzen 9 3950X,2147.03,16,3.5,4.7,105,Unknown,TRUE
AMD Athlon 200GE,69.98,2,3.2,0,35,Radeon Vega 3,TRUE
Intel Core i7-9700,250.26,8,3,4.7,65,Intel HD Graphics 630,FALSE
Intel Core i5-7400,90.35,4,3,3.5,65,Intel HD Graphics 630,FALSE
Intel Core i7-4790,145.1,4,3.6,4,84,Intel HD Graphics 4600,TRUE
AMD Ryzen 7 5700,0,8,3.7,4.6,65,Unknown,TRUE
AMD Ryzen 5 2400G,135,4,3.6,3.9,65,Radeon Vega 11,TRUE
AMD Ryzen 5 3500X,0,6,3.6,4.1,65,Unknown,FALSE
Intel Core i5-3470,59,4,3.2,0,77,Intel HD Graphics 2500,FALSE
Intel Xeon E5-2630 V2,0,6,2.6,3.1,80,Unknown,TRUE
Intel Core i9-14900F,528.99,24,2,5.8,65,Unknown,TRUE
Intel Core i7-4770K,135,4,3.5,3.9,84,Intel HD Graphics 4600,TRUE
AMD Ryzen 7 1700,195,8,3,3.7,65,Unknown,TRUE
Intel Celeron G6900,74.79,2,3.4,0,46,Intel UHD Graphics 710,FALSE
Intel Celeron G5900,40.43,2,3.4,0,58,Intel UHD Graphics 610,FALSE
Intel Core i7-10700KF,240,8,3.8,5.1,125,Unknown,TRUE
Intel Core i7-9700F,289,8,3,4.7,65,Unknown,FALSE
Intel Core i3-9100F,135.19,4,3.6,4.2,65,Unknown,FALSE
AMD Ryzen 5 5600X3D,0,6,3.3,4.4,105,Unknown,TRUE
Intel Core i7-11700,249.44,8,2.5,4.9,65,Intel UHD Graphics 750,TRUE
Intel Core i7-3770K,175,4,3.5,0,77,Intel HD Graphics 4000,TRUE
Intel Core i3-8100,110,4,3.6,0,65,Intel UHD Graphics 630,FALSE
Intel Core i5-4590,0,4,3.3,3.7,84,Intel HD Graphics 4600,FALSE
AMD Ryzen 5 1600X,119.99,6,3.6,4,95,Unknown,TRUE
Intel Xeon E5-2680 V4,1975,14,2.4,3.3,120,Unknown,TRUE
Intel Core i7-11700KF,244.27,8,3.6,5,125,Unknown,TRUE
AMD FX-8350,208,8,4,0,125,Unknown,FALSE
Intel Core i5-4690,51.43,4,3.5,3.9,84,Intel HD Graphics 4600,FALSE
Intel Core i5-7600K,169.02,4,3.8,4.2,91,Intel HD Graphics 630,FALSE
Intel Core i5-8500,172.92,6,3,4.1,65,Intel UHD Graphics 630,FALSE
Intel Core i9-9900KS,1989,8,4,5,127,Intel UHD Graphics 630,TRUE
Intel Core i9-13900,490,24,2,5.6,65,Intel UHD Graphics 770,TRUE
Intel Core i3-13100,147.99,4,3.4,4.5,60,Intel UHD Graphics 730,TRUE
AMD Ryzen 7 3700X,0,8,3.6,4.4,65,Unknown,TRUE
Intel Core i3-4130,41.13,2,3.4,0,54,Intel HD Graphics 4400,TRUE
Intel Core i5-4460,68.56,4,3.2,3.4,84,Intel HD Graphics 4600,FALSE
AMD A6-6400K,75,2,3.9,0,65,Radeon HD 8470D,FALSE
AMD Ryzen 7 1700X,225,8,3.4,3.8,95,Unknown,TRUE
AMD Ryzen 5 1400,110,4,3.2,3.4,65,Unknown,TRUE
Intel Core i5-11600KF,164.89,6,3.9,4.9,125,Unknown,TRUE
AMD Ryzen 3 1200 (14nm),105,4,3.1,3.4,65,Unknown,FALSE
Intel Core i7-9700KF,218,8,3.6,4.9,95,Unknown,FALSE
AMD Ryzen 3 3300X,150,4,3.8,4.3,65,Unknown,TRUE
Intel Core i5-9400,160.91,6,2.9,4.1,65,Intel UHD Graphics 630,FALSE
AMD Ryzen 7 3800XT,349.99,8,3.9,4.7,105,Unknown,TRUE
Intel Core i9-10980XE,1200,18,3,4.8,165,Unknown,TRUE
AMD Ryzen 9 3900XT,379,12,3.8,4.7,105,Unknown,TRUE
AMD Threadripper 1900X,109.99,8,3.8,4,180,Unknown,TRUE
AMD Ryzen 5 3600XT,0,6,3.8,4.5,95,Unknown,TRUE
Intel Core i5-4570,104.54,4,3.2,0,84,Intel HD Graphics 4600,FALSE
Intel Core i3-7350K,40,2,4.2,0,60,Intel HD Graphics 630,TRUE
AMD FX-6300,0,6,3.5,0,95,Unknown,FALSE
Intel Core i3-10105,89.95,4,3.7,4.4,65,Intel UHD Graphics 630,TRUE
Intel Core i5-9600KF,180.12,6,3.7,4.6,95,Unknown,FALSE
Intel Core i9-10900F,259.99,10,2.8,5.2,65,Unknown,TRUE
Intel Core i5-6400,0,4,2.7,3.3,65,Intel HD Graphics 530,FALSE
AMD Athlon 3000G (14nm),0,2,3.5,0,35,Radeon Vega 3,TRUE
AMD Ryzen 5 3600,0,6,3.6,4.2,65,Unknown,TRUE
AMD Ryzen 5 3500,0,6,3.6,4.1,65,Unknown,FALSE
Intel Core i9-13900F,549.99,24,2,5.6,65,Unknown,TRUE
AMD Ryzen 7 1800X,235,8,3.6,4,95,Unknown,TRUE
AMD Ryzen 5 1500X,195,4,3.5,3.7,65,Unknown,TRUE
Intel Core i5-2400,0,4,3.1,0,95,Intel HD Graphics 2000,FALSE
AMD Threadripper 2990WX,2500,32,3,4.2,250,Unknown,TRUE
Intel Core i7-2600,188.49,4,3.4,0,95,Intel HD Graphics 2000,TRUE
Intel Core i5-4670K,62,4,3.4,0,84,Intel HD Graphics 4600,FALSE
Intel Core i3-7100,70,2,3.9,0,51,Intel HD Graphics 630,TRUE
Intel Core i7-4790K,185,4,4,4.4,88,Intel HD Graphics 4600,TRUE
Intel 300,88.1,2,3.9,0,46,Intel UHD Graphics 710,TRUE
Intel Xeon E5-2630,24.28,6,2.3,0,95,Unknown,TRUE
Intel Core i9-11900F,210,8,2.5,5.2,65,Unknown,TRUE
Intel Core i7-8700K,272.5,6,3.7,4.7,95,Intel UHD Graphics 630,TRUE
Intel Core i7-2600K,85,4,3.4,0,95,Intel HD Graphics 3000,TRUE
Intel Core i5-3570K,116.49,4,3.4,0,77,Intel HD Graphics 4000,FALSE
Intel Xeon E5-2683 V4,1998.95,16,2.1,3,120,Unknown,TRUE
Intel Core i5-7600,89,4,3.5,4.1,65,Intel HD Graphics 630,FALSE
Intel Core i3-6100,100,2,3.7,0,51,Intel HD Graphics 530,TRUE
Intel Core i5-10500,238.99,6,3.1,4.5,65,Intel UHD Graphics 630,TRUE
AMD Ryzen 9 PRO 7945,0,12,3.7,5.4,65,Radeon,TRUE
AMD Threadripper 1920X,270,12,3.5,4,180,Unknown,TRUE
AMD Athlon II X2 240,29.48,2,2.8,0,65,Unknown,FALSE
Intel Core i5-3570,0,4,3.4,0,77,Intel HD Graphics 2500,FALSE
Intel Core i5-6600,0,4,3.3,3.9,65,Intel HD Graphics 530,FALSE
Intel Core i7-6800K,103,6,3.4,3.6,140,Unknown,TRUE
Intel Celeron G4900,48.59,2,3.1,0,65,Intel UHD Graphics 610,FALSE
Intel Core i7-6900K,120,8,3.2,3.7,140,Unknown,TRUE
AMD Ryzen 3 3200G,0,4,3.6,4,65,Radeon Vega 8,FALSE
Intel Core i5-12600,337.11,6,3.3,4.8,65,Intel UHD Graphics 770,TRUE
Intel Pentium Gold G7400,102.73,2,3.7,0,46,Intel UHD Graphics 710,TRUE
Intel Core i7-5820K,0,6,3.3,3.6,140,Unknown,TRUE
Intel Core i5-2500K,0,4,3.3,0,95,Intel HD Graphics 3000,FALSE
Intel Pentium G640,30,2,2.8,0,65,Intel HD Graphics,FALSE
Intel Core i9-9900K,699.99,8,3.6,5,95,Intel UHD Graphics 630,TRUE
Intel Core i5-11600,140,6,2.8,4.8,65,Intel UHD Graphics 750,TRUE
AMD Athlon X4 845,50,4,3.5,3.8,65,Unknown,FALSE
Intel Core 2 Duo E8400,27.55,2,3,0,65,Unknown,FALSE
Intel Core i5-9400F,0,6,2.9,4.1,65,Unknown,FALSE
Intel Core i7-4930K,100,6,3.4,3.9,130,Unknown,TRUE
AMD Threadripper 1950X,914.29,16,3.4,4,180,Unknown,TRUE
Intel Xeon E5-2650 V4,0,12,2.2,2.9,105,Unknown,TRUE
Intel Core i9-12900F,432.99,16,2.4,5.1,65,Unknown,TRUE
Intel Core i5-9500,160.74,6,3,4.4,65,Intel UHD Graphics 630,FALSE
Intel Xeon E5-2640 V3,67.15,8,2.6,3.4,90,Unknown,TRUE
Intel Celeron G4930,48.75,2,3.2,0,54,Intel UHD Graphics 610,FALSE
Intel Core i9-10900X,615,10,3.7,4.7,165,Unknown,TRUE
Intel Core i3-9100,145,4,3.6,4.2,65,Intel UHD Graphics 630,FALSE
AMD 2650,84.71,2,1.45,0,25,Radeon HD 8240,FALSE
Intel Core i3-4150,41.13,2,3.5,0,54,Intel HD Graphics 4400,TRUE
Intel Core i9-10900,275.7,10,2.8,5.2,65,Intel UHD Graphics 630,TRUE
Intel Core i9-12900,458,16,2.4,5.1,65,Intel UHD Graphics 770,TRUE
Intel Core i9-7960X,347.48,16,2.8,4.4,165,Unknown,TRUE
Intel Celeron 420,75.44,1,1.6,0,35,Unknown,FALSE
AMD Threadripper 2950X,1075,16,3.5,4.4,180,Unknown,TRUE
Intel Core i5-11500,146.16,6,2.7,4.6,65,Intel UHD Graphics 750,TRUE
Intel Core i9-9900,464.15,8,3.1,5,65,Intel UHD Graphics 630,TRUE
Intel Core i9-13900T,0,24,1.1,5.3,35,Intel UHD Graphics 770,TRUE
Intel Core i5-7500T,67.63,4,2.7,3.3,35,Intel HD Graphics 630,FALSE
Intel Core i7-4790,0,4,3.6,4,84,Intel HD Graphics 4600,TRUE
Intel Core i7-8086K,450.01,6,4,5,95,Intel UHD Graphics 630,TRUE
Intel Core i5-6500,0,4,3.2,3.6,65,Intel HD Graphics 530,FALSE
AMD Ryzen 9 3900X,0,12,3.8,4.6,105,Unknown,TRUE
Intel Core i7-8700,611.05,6,3.2,4.6,65,Intel UHD Graphics 630,TRUE
AMD FX-8320,175,8,3.5,0,125,Unknown,FALSE
Intel Core i3-12100T,0,4,2.2,4.1,35,Intel UHD Graphics 730,TRUE
Intel Pentium E5700,19.98,2,3,0,65,Unknown,FALSE
Intel Core i9-7900X,400,10,3.3,4.5,140,Unknown,TRUE
Intel Core i7-2700K,89,4,3.5,0,95,Intel HD Graphics 3000,TRUE
Intel Core i7-7700,329.95,4,3.6,4.2,65,Intel HD Graphics 630,TRUE
Intel Core i5-8400,249.95,6,2.8,4,65,Intel UHD Graphics 630,FALSE
Intel Core i7-7740X,235,4,4.3,4.5,112,Unknown,TRUE
Intel Xeon E5-1650 V4,84.94,6,3.6,4,140,Unknown,TRUE
Intel Core i7-7800X,489.99,6,3.5,4,140,Unknown,TRUE
Intel Pentium Gold G6400,74.99,2,4,0,58,Intel UHD Graphics 610,TRUE
Intel Core i9-10940X,780,14,3.3,4.8,165,Unknown,TRUE
Intel Core i5-4440,100,4,3.1,3.3,84,Intel HD Graphics 4600,FALSE
Intel Core i5-4670,51.48,4,3.4,0,84,Intel HD Graphics 4600,FALSE
Intel Celeron E3500,14.99,2,2.7,0,65,Unknown,FALSE
Intel Core i5-8600,188.38,6,3.1,4.3,65,Intel UHD Graphics 630,FALSE
Intel Core i9-9900K (Standard Folding Box),406.96,8,3.6,5,95,Intel UHD Graphics 630,TRUE
AMD Ryzen 3 1300X,0,4,3.5,3.7,65,Unknown,FALSE
Intel Xeon E5-2667 V3,1008.93,8,3.2,3.6,135,Unknown,TRUE
AMD Ryzen 5 2600,0,6,3.4,3.9,65,Unknown,TRUE
Intel Core i9-11900,269.99,8,2.5,5.2,65,Intel UHD Graphics 750,TRUE
AMD FX-9590,302.58,8,4.7,5,220,Unknown,FALSE
Intel Core i5-8500T,0,6,2.1,3.5,35,Intel UHD Graphics 630,FALSE
AMD Ryzen 3 1200 (12nm),105,4,3.1,3.4,65,Unknown,FALSE
AMD Ryzen 5 3600,262.86,6,3.6,4.2,65,Unknown,TRUE
Intel Core i5-2500,0,4,3.3,0,95,Intel HD Graphics 2000,FALSE
Intel Core i3-2100,49,2,3.1,0,65,Intel HD Graphics 2000,TRUE
AMD Ryzen 5 2600X,0,6,3.6,4.2,95,Unknown,TRUE
Intel Xeon E5-2683 V4,189.95,16,2.1,3,120,Unknown,TRUE
Intel Core i9-10850KA Avengers Limited Edition,0,10,3.6,5.2,125,Intel UHD Graphics 630,TRUE
Intel Celeron G3900,39.9,2,2.8,0,51,Intel HD Graphics 510,FALSE
Intel Core i7-6850K,115,6,3.6,3.8,140,Unknown,TRUE
Intel Core i3-4170,0,2,3.7,0,54,Intel HD Graphics 4400,TRUE
Intel Core i7-7700K,0,4,4.2,4.5,91,Intel HD Graphics 630,TRUE
Intel Core i9-7980XE,1156.2,18,2.6,4.4,165,Unknown,TRUE
Intel Xeon E5-2698 V3,0,16,2.3,3.6,135,Unknown,TRUE
Intel Core i3-3220,0,2,3.3,0,55,Intel HD Graphics 2500,TRUE
AMD FX-8370,234.98,8,4,4.3,125,Unknown,FALSE
AMD Ryzen 5 3600X,0,6,3.8,4.4,95,Unknown,TRUE
Intel Celeron G5905,0,2,3.5,0,58,Intel UHD Graphics 610,FALSE
AMD Threadripper 2970WX,1099.99,24,3,4.2,250,Unknown,TRUE
Intel Core i7-9700F,395.34,8,3,4.7,65,Unknown,FALSE
Intel Core i7-4820K,205.86,4,3.7,3.9,130,Unknown,TRUE
Intel Core i7-5930K,0,6,3.5,3.7,140,Unknown,TRUE
AMD Threadripper 2920X,707.8,12,3.5,4.3,180,Unknown,TRUE
AMD A4-6300,46.79,2,3.7,3.9,65,Radeon HD 8370D,FALSE
AMD Ryzen 7 3800X,0,8,3.9,4.5,105,Unknown,TRUE
Intel Core i5-13500T,0,14,1.6,4.6,35,Intel UHD Graphics 770,TRUE
AMD Athlon X2 340,0,2,3.2,0,65,Unknown,FALSE
Intel Pentium G4560,133.41,2,3.5,0,54,Intel HD Graphics 610,TRUE
Intel Xeon E5-2697 V4,0,18,2.3,3.6,145,Unknown,TRUE
AMD FX-8300,117.33,8,3.3,0,95,Unknown,FALSE
Intel Core i7-9700K,0,8,3.6,4.9,95,Intel UHD Graphics 630,FALSE
Intel Core i7-6700K,0,4,4,4.2,91,Intel HD Graphics 530,TRUE
Intel Core i3-2120,150.59,2,3.3,0,65,Intel HD Graphics 2000,TRUE
Intel Core i7-7820X,0,8,3.6,4.5,140,Unknown,TRUE
Intel Core i5-13600,0,14,2.7,5,65,Intel UHD Graphics 770,TRUE
AMD 5350,0,4,2.05,0,25,Radeon HD 8400,FALSE
Intel Core i5-9400,110,6,2.9,4.1,65,Intel UHD Graphics 630,FALSE
Intel Core i3-4160,0,2,3.6,0,54,Intel HD Graphics 4400,TRUE
Intel Core i5-3470S,50,4,2.9,0,65,Intel HD Graphics 2500,FALSE
Intel Core i7-6950X,506.35,10,3,3.5,140,Unknown,TRUE
Intel Core i7-5960X,0,8,3,3.5,140,Unknown,TRUE
Intel Core i9-10920X,799,12,3.5,4.8,165,Unknown,TRUE
Intel Xeon E5-2630 V3,169.95,8,2.4,3.2,85,Unknown,TRUE
Intel Core i5-7400T,0,4,2.4,3,35,Intel HD Graphics 630,FALSE
Intel Pentium G2020,34.99,2,2.9,0,55,Intel HD Graphics,FALSE
Intel Pentium Gold G5400,72.95,2,3.7,0,58,Intel UHD Graphics 610,TRUE
Intel Core i9-9980XE,1498.95,18,3,4.4,165,Unknown,TRUE
Intel Xeon E5-1650 V3,54.46,6,3.5,3.8,140,Unknown,TRUE
Intel Core i7-6700,354.99,4,3.4,4,65,Intel HD Graphics 530,TRUE
Intel Xeon E5-2687W V4,1900.16,12,3,3.5,160,Unknown,TRUE
Intel Core i7-13700T,0,16,1.4,4.9,35,Unknown,TRUE
Intel Core i5-9600K,0,6,3.7,4.6,95,Intel UHD Graphics 630,FALSE
AMD FX-6350,100,6,3.9,0,125,Unknown,FALSE
Intel Core i7-3930K,298.98,6,3.2,0,130,Unknown,TRUE
Intel Xeon E5-2699 V3,0,18,2.3,3.6,145,Unknown,TRUE
Intel Core i5-3330,0,4,3,0,77,Intel HD Graphics 2500,FALSE
Intel Core i7-980X Extreme Edition,153.64,6,3.33,0,130,Unknown,TRUE
Intel Xeon E5-2690 V4,1025.58,14,2.6,3.5,135,Unknown,TRUE
Intel Core i5-10600,349.95,6,3.3,4.8,65,Intel UHD Graphics 630,TRUE
Intel Core i5-3450,59,4,3.1,0,77,Intel HD Graphics 2500,FALSE
Intel Xeon E5-2697 V2,0,12,2.7,3.5,130,Unknown,TRUE
AMD Ryzen 7 1700X,0,8,3.4,3.8,95,Unknown,TRUE
Intel Core i7-9700,299.8,8,3,4.7,65,Intel HD Graphics 630,FALSE
Intel Core i3-4370,41.13,2,3.8,0,54,Intel HD Graphics 4600,TRUE
Intel Core i3-13100T,0,4,2.5,4.2,35,Intel UHD Graphics 730,TRUE
AMD Ryzen 9 3900,0,12,3.1,0,65,Unknown,TRUE
Intel Core i3-7100T,41.13,2,3.4,0,35,Intel HD Graphics 630,TRUE
AMD A6-9500,76.69,2,3.5,3.8,65,Radeon R5 (on die),FALSE
AMD A8-7600,0,4,3.1,3.8,65,Radeon R7 (on-die),FALSE
Intel Core i7-870,100,4,2.93,0,95,Unknown,TRUE
Intel Core 2 Quad Q9550,52.55,4,2.83,0,95,Unknown,FALSE
Intel Core i3-10300,104.27,4,3.7,4.4,65,Intel UHD Graphics 630,TRUE
AMD FX-6120,58.53,6,3.5,4.1,95,Unknown,FALSE
Intel Core i3-530,45,2,2.93,0,73,Intel HD Graphics,TRUE
Intel Core 2 Duo E8500,0,2,3.16,0,65,Unknown,FALSE
AMD FX-4300,0,4,3.8,0,95,Unknown,FALSE
AMD Ryzen 5 3400G,0,4,3.7,4.2,65,Radeon Vega 11,TRUE
Intel Core i5-3350P,0,4,3.1,0,69,Unknown,FALSE
Intel Core i7-920,90,4,2.66,0,130,Unknown,TRUE
Intel Core 2 Quad Q6600,0,4,2.4,0,100,Unknown,FALSE
Intel Xeon E3-1231 V3,0,4,3.4,3.8,80,Unknown,TRUE
AMD A8-7680,0,4,3.5,3.8,65,Radeon R7 (on-die),FALSE
Intel Core i9-7920X,556.54,12,2.9,4.4,140,Unknown,TRUE
Intel Core i7-4960X Extreme Edition,775.04,6,3.6,4,130,Unknown,TRUE
Intel Core i7-4770S,117.98,4,3.1,0,65,Intel HD Graphics 4600,TRUE
Intel Xeon E5-2695 V2,189,12,2.4,3.2,115,Unknown,TRUE
Intel Core i9-9980XE,1097,18,3,4.4,165,Unknown,TRUE
AMD FX-6100,72.8,6,3.3,0,95,Unknown,FALSE
Intel Core i3-7320,48,2,4.1,0,51,Intel HD Graphics 630,TRUE
AMD A10-7850K,139.84,4,3.7,4,95,Radeon R7 (on-die),FALSE
Intel Core i7-9800X,0,8,3.8,4.5,165,Unknown,TRUE
Intel Core i7-3820,0,4,3.6,0,130,Unknown,TRUE
AMD Athlon II X4 640,57.01,4,3,0,95,Unknown,FALSE
Intel Xeon E5-2630 V4,335.07,10,2.2,3.1,85,Unknown,TRUE
Intel Xeon E5-2650 V2,185,8,2.6,3.4,95,Unknown,TRUE
Intel Core i7-8700T,304.38,6,2.4,4,35,Intel UHD Graphics 630,TRUE
AMD Ryzen 5 2400G,0,4,3.6,3.9,65,Radeon Vega 11,TRUE
Intel Xeon E5-2660,0,8,2.2,3,95,Unknown,TRUE
Intel Core i5-750,72,4,2.66,0,95,Unknown,FALSE
AMD FX-4350,122.96,4,4.2,0,125,Unknown,FALSE
Intel Pentium E2220,19.98,2,2.4,0,65,Unknown,FALSE
Intel Core i3-3240,106.51,2,3.4,0,55,Intel HD Graphics 2500,TRUE
Intel Core i5-4430,0,4,3,0,84,Intel HD Graphics 4600,FALSE
Intel Xeon E5-2670 V3,0,12,2.3,3.1,120,Unknown,TRUE
Intel Xeon E5-2698 V4,0,20,2.2,3.6,135,Unknown,TRUE
Intel Core 2 Quad Q9300,42.6,4,2.5,0,95,Unknown,FALSE
Intel Pentium G4400,0,2,3.3,0,54,Intel HD Graphics 510,FALSE
AMD Ryzen 5 PRO 7645,0,6,3.8,5.1,65,Radeon,TRUE
Intel Core i5-9600,195,6,3.1,4.6,65,Intel UHD Graphics 630,FALSE
Intel Core i7-7700T,489.95,4,2.9,3.8,35,Intel HD Graphics 630,TRUE
Intel Core i5-6402P,80,4,2.8,3.4,65,Intel HD Graphics 510,FALSE
Intel Core i7-3770S,0,4,3.1,0,65,Intel HD Graphics 4000,TRUE
Intel Core i9-9960X,998.95,16,3.1,4.4,165,Unknown,TRUE
Intel Celeron G4920,50.27,2,3.2,0,65,Intel UHD Graphics 610,FALSE
Intel Core i7-7800X,289.95,6,3.5,4,140,Unknown,TRUE
AMD Ryzen 7 PRO 7745,0,8,3.8,5.3,65,Radeon,TRUE
Intel Xeon E5-2660 V4,399,14,2,3.2,105,Unknown,TRUE
AMD FX-9370,198.5,8,4.4,4.7,220,Unknown,FALSE
Intel Core i7-4790S,0,4,3.2,4,65,Intel HD Graphics 4000,TRUE
Intel Core i5-8600K,0,6,3.6,4.3,95,Intel UHD Graphics 630,FALSE
Intel Core i5-9500T,0,6,2.2,3.7,35,Intel UHD Graphics 630,FALSE
Intel Core i7-6700T,0,4,2.8,3.6,35,Intel HD Graphics 530,TRUE
Intel Core i7-860,361.21,4,2.8,0,95,Unknown,TRUE
Intel Celeron G4900T,59.95,2,1.8,0,35,Intel UHD Graphics 610,FALSE
AMD Phenom II X4 965 Black,0,4,3.4,0,125,Unknown,FALSE
Intel Xeon E5-2697 V3,0,14,2.6,3.6,145,Unknown,TRUE
AMD Ryzen 3 2200G,0,4,3.5,3.7,65,Radeon Vega 8,FALSE
AMD A8-6600K,92.86,4,3.9,0,100,Radeon HD 8570D,FALSE
Intel Pentium G3258,51.36,2,3.2,0,53,Intel HD Graphics,FALSE
Intel Core i5-6500T,0,4,2.5,3.1,35,Intel HD Graphics 530,FALSE
Intel Core 2 Quad Q9650,0,4,3,0,95,Unknown,FALSE
Intel Core i3-8350K,0,4,4,0,91,Intel UHD Graphics 630,FALSE
Intel Core i5-2320,0,4,3,0,95,Intel HD Graphics 2000,FALSE
Intel Core i9-7900X,898.95,10,3.3,4.5,140,Unknown,TRUE
Intel Core i5-3550,335,4,3.3,0,77,Intel HD Graphics 2500,FALSE
Intel Xeon E5-2680 V3,0,12,2.5,3.3,120,Unknown,TRUE
AMD Athlon X4 970,0,4,3.8,4,65,Unknown,FALSE
Intel Celeron E3400,18.98,2,2.6,0,65,Unknown,FALSE
Intel Core i3-9350KF,206,4,4,4.6,91,Unknown,FALSE
AMD Athlon X4 860K,0,4,3.7,4,95,Unknown,FALSE
Intel Xeon E5-1620 V3,69.02,4,3.5,3.6,140,Unknown,TRUE
AMD FX-6300,78.51,6,3.5,0,95,Unknown,FALSE
Intel Core i3-3250,57.65,2,3.5,0,55,Intel HD Graphics 2500,TRUE
Intel Core i5-2400S,70,4,2.5,0,65,Intel HD Graphics 2000,FALSE
AMD A6-3670K,0,4,2.7,0,100,Radeon HD 6530D,FALSE
Intel Core i3-8100T,0,4,3.1,0,35,Intel UHD Graphics 630,FALSE
Intel Core 2 Duo E7500,99.63,2,2.93,0,65,Unknown,FALSE
Intel Core i3-7100,74.9,2,3.9,0,51,Intel HD Graphics 630,TRUE
AMD A10-9700,0,4,3.5,3.8,65,Radeon R7 (on-die),FALSE
Intel Xeon E5-1630 V4,229.95,4,3.7,4,140,Unknown,TRUE
AMD Phenom II X6 1090T Black,0,6,3.2,0,125,Unknown,FALSE
Intel Pentium Gold G6405,88.72,2,4.1,0,58,Intel UHD Graphics 610,TRUE
Intel Celeron G5920,52.99,2,3.5,0,58,Intel UHD Graphics 610,FALSE
Intel Xeon E5-2687W V3,0,10,3.1,3.5,160,Unknown,TRUE
Intel Core i5-7600K,0,4,3.8,4.2,91,Intel HD Graphics 630,FALSE
Intel Core i7-10700K Avengers Collector's Edition,741,8,3.8,5.1,125,Intel UHD Graphics 630,TRUE
Intel Core i7-950,100,4,3.06,0,130,Unknown,TRUE
AMD Athlon II 160u,0,1,1.8,0,20,Unknown,FALSE
Intel Core i5-650,70,2,3.2,0,73,Intel HD Graphics,TRUE
AMD A8-9600,0,4,3.1,3.4,65,Radeon R7 (on-die),FALSE
Intel Xeon E5-2620 V4,429.95,8,2.1,3,85,Unknown,TRUE
Intel Celeron 440,29.98,1,2,0,35,Unknown,FALSE
Intel Core i5-4570T,75.13,2,2.9,0,35,Intel HD Graphics 4600,TRUE
Intel Xeon E5-1660 V2,1129,6,3.7,4,130,Unknown,TRUE
Intel Xeon E5-2620,36.75,6,2,0,95,Unknown,TRUE
Intel Xeon E5-4620,58.67,8,2.2,2.6,95,Unknown,TRUE
Intel Core i5-760,100,4,2.8,0,95,Unknown,FALSE
Intel Core i5-4570S,0,4,2.9,0,65,Intel HD Graphics 4600,FALSE
Intel Pentium Gold G6500,70.98,2,4.1,0,58,Intel UHD Graphics 630,TRUE
Intel Xeon E-2176G,643.62,6,3.7,4.7,80,Intel HD Graphics P630,TRUE
Intel Core i7-4770K,231.05,4,3.5,3.9,84,Intel HD Graphics 4600,TRUE
Intel Core i5-7400,110,4,3,3.5,65,Intel HD Graphics 630,FALSE
Intel Celeron G5925,53.99,2,3.6,0,58,Intel UHD Graphics 610,FALSE
Intel Xeon E3-1230 V2,271.85,4,3.3,0,69,Unknown,TRUE
Intel Xeon E3-1240L V5,0,4,2.1,3.2,25,Unknown,TRUE
Intel Core i9-10900K,0,10,3.7,5.3,125,Intel UHD Graphics 630,TRUE
Intel Core i9-9900X,655.06,10,3.5,4.4,165,Unknown,TRUE
Intel Core i7-3970X Extreme Edition,0,6,3.5,0,150,Unknown,TRUE
Intel Core i3-6100,98.95,2,3.7,0,51,Intel HD Graphics 530,TRUE
AMD FX-8350,192.57,8,4,0,125,Unknown,FALSE
Intel Xeon E5-2640,43.31,6,2.5,3,95,Unknown,TRUE
Intel Core i7-5820K,429.95,6,3.3,3.6,140,Unknown,TRUE
Intel Core i5-4590S,0,4,3,3.7,65,Intel HD Graphics 4000,FALSE
AMD A8-7650K,0,4,3.3,3.7,95,Radeon R7 (on-die),FALSE
Intel Core i3-6300,92.54,2,3.8,0,51,Intel HD Graphics 530,TRUE
Intel Core i5-7500,0,4,3.4,3.8,65,Intel HD Graphics 630,FALSE
AMD Ryzen 7 2700,0,8,3.2,4.1,65,Unknown,TRUE
Intel Core i7-960,220,4,3.2,0,130,Unknown,TRUE
Intel Core i5-9500F,249,6,3,4.4,65,Unknown,FALSE
Intel Xeon E3-1270 V3,420,4,3.5,3.9,80,Unknown,TRUE
Intel Core 2 Extreme QX9770,0,4,3.2,0,136,Unknown,FALSE
Intel Xeon E5-2695 V4,0,18,2.1,3.3,120,Unknown,TRUE
Intel Core 2 Extreme QX9650,152.52,4,3,0,130,Unknown,FALSE
Intel Core i5-8400T,139,6,1.7,3.3,35,Intel UHD Graphics 630,FALSE
AMD Athlon X2 370K,0,2,4.2,0,65,Unknown,FALSE
Intel Xeon E5-1660 V3,204.44,8,3,3.5,140,Unknown,TRUE
AMD FX-8150,0,8,3.6,0,125,Unknown,FALSE
AMD A10-6800K,467.04,4,4.1,0,100,Radeon HD 8670D,FALSE
Intel Core i7-4771,0,4,3.5,3.9,84,Intel HD Graphics 4600,TRUE
AMD A10-7800,0,4,3.5,3.9,65,Radeon R7 (on-die),FALSE
AMD Athlon X4 950,0,4,3.5,3.8,65,Unknown,FALSE
Intel Xeon E5-2650,89,8,2,2.8,95,Unknown,TRUE
Intel Celeron G4900,72.55,2,3.1,0,65,Intel UHD Graphics 610,FALSE
Intel Core i5-4690K,0,4,3.5,3.9,88,Intel HD Graphics 4600,FALSE
AMD A10-7860k,0,4,3.6,4,65,Radeon R7 (on-die),FALSE
Intel Core i9-9900,0,8,3.1,5,65,Intel UHD Graphics 630,TRUE
AMD Ryzen 7 PRO 7745,0,8,3.8,5.3,65,Radeon,TRUE
Intel Xeon E3-1245 V5,474.39,4,3.5,3.9,80,Intel HD Graphics P530,TRUE
Intel Xeon E5-1620 V4,148.94,4,3.5,3.8,140,Unknown,TRUE
Intel Pentium Gold G5400,0,2,3.7,0,58,Intel UHD Graphics 610,TRUE
Intel Core i9-9960X,0,16,3.1,4.4,165,Unknown,TRUE
AMD Athlon 3000G (14nm),0,2,3.5,0,35,Radeon Vega 3,TRUE
AMD A10-7890K,0,4,4.1,4.3,95,Radeon R7 (on-die),FALSE
Intel Xeon E5-2660 V3,0,10,2.6,3.3,105,Unknown,TRUE
AMD Phenom II X4 955,0,4,3.2,0,125,Unknown,FALSE
Intel Core i5-4670S,535,4,3.1,3.8,65,Intel HD Graphics 4600,FALSE
AMD FX-8320,106.55,8,3.5,0,125,Unknown,FALSE
Intel Core i5-9400,0,6,2.9,4.1,65,Intel UHD Graphics 630,FALSE
Intel Core i5-8500,172.92,6,3,4.1,65,Intel UHD Graphics 630,FALSE
Intel Core i5-9600KF,339.95,6,3.7,4.6,95,Unknown,FALSE
AMD A8-5600K,249.99,4,3.6,0,100,Radeon HD 7560D,FALSE
Intel Core i5-6400,0,4,2.7,3.3,65,Intel HD Graphics 530,FALSE
Intel Core i7-3960X Extreme Edition,295.16,6,3.3,0,130,Unknown,TRUE
Intel Xeon E5-2660 V3,149.94,10,2.6,3.3,105,Unknown,TRUE
Intel Core i3-7100T,48.1,2,3.4,0,35,Intel HD Graphics 630,TRUE
Intel Core i9-7980XE,1249.95,18,2.6,4.4,165,Unknown,TRUE
Intel Xeon E5-2620 V3,80,6,2.4,3.2,85,Unknown,TRUE
Intel Xeon E5-2640 V4,0,10,2.4,3.4,90,Unknown,TRUE
Intel Celeron G1610,37,2,2.6,0,55,Intel HD Graphics,FALSE
Intel Core i3-540,60,2,3.06,0,73,Intel HD Graphics,TRUE
AMD A10-7700K,132.86,4,3.4,3.8,95,Radeon R7 (on-die),FALSE
Intel Xeon E3-1230 V3,315.86,4,3.3,3.7,80,Unknown,TRUE
AMD FX-6350,0,6,3.9,0,125,Unknown,FALSE
Intel Pentium Gold G5500,64.06,2,3.8,0,54,Intel UHD Graphics 630,TRUE
Intel Xeon E5-2690 V2,0,10,3,3.6,130,Unknown,TRUE
AMD FX-8320E,0,8,3.2,4,95,Unknown,FALSE
AMD Phenom II X6 1100T Black,0,6,3.3,0,125,Unknown,FALSE
Intel Core i5-2300,0,4,2.8,0,95,Intel HD Graphics 2000,FALSE
Intel Xeon E5-2650 V3,0,10,2.3,3,105,Unknown,TRUE
Intel Xeon E-2124,110,4,3.3,4.3,71,Unknown,FALSE
Intel Core i7-4770K,155.86,4,3.5,3.9,84,Intel HD Graphics 4600,TRUE
AMD FX-8350,253.24,8,4,0,125,Unknown,FALSE
Intel Pentium G3220,0,2,3,0,54,Intel HD Graphics,FALSE
Intel Core i3-6098P,59,2,3.6,0,54,Intel HD Graphics 510,TRUE
Intel Pentium G4600,0,2,3.6,0,51,Intel HD Graphics 630,TRUE
AMD Threadripper 2990WX,0,32,3,4.2,250,Unknown,TRUE
Intel Core 2 Duo E6400,35,2,2.13,0,65,Unknown,FALSE
Intel Core i7-980,356.02,6,3.333,0,130,Unknown,TRUE
Intel Core i3-4130T,60,2,2.9,0,35,Intel HD Graphics 4400,TRUE
Intel Pentium E5400,0,2,2.7,0,65,Unknown,FALSE
Intel Core i3-10100T,0,4,3,3.8,35,Intel UHD Graphics 630,TRUE
AMD A10-5700,72.51,4,3.4,0,65,Radeon HD 7660D,FALSE
AMD FX-9590,0,8,4.7,5,220,Unknown,FALSE
Intel Core i7-4790K,0,4,4,4.4,88,Intel HD Graphics 4600,TRUE
Intel Xeon E5-2660,0,8,2.2,3,95,Unknown,TRUE
Intel Core i9-10850K,0,10,3.6,5.2,125,Intel UHD Graphics 630,TRUE
Intel Core i3-10320,120,4,3.8,4.6,65,Intel UHD Graphics 630,TRUE
Intel Core i7-7820X,489.05,8,3.6,4.5,140,Unknown,TRUE
Intel Core i7-2600S,235,4,2.8,0,65,Intel HD Graphics 2000,TRUE
Intel Xeon E5-2680,110,8,2.7,3.5,130,Unknown,TRUE
Intel Core i7-5930K,529.95,6,3.5,3.7,140,Unknown,TRUE
Intel Core i5-2310,0,4,2.9,0,95,Intel HD Graphics 2000,FALSE
AMD A4-5300,0,2,3.4,0,65,Radeon HD 7480D,FALSE
Intel Xeon E5-2690 V3,0,12,2.6,3.5,135,Unknown,TRUE
Intel Core i9-9820X,0,10,3.3,4.1,165,Unknown,TRUE
Intel Core i3-9100T,0,4,3.1,3.7,35,Intel UHD Graphics 630,FALSE
AMD Phenom II X4 820,56.64,4,2.8,0,95,Unknown,FALSE
Intel Celeron G3930,56.99,2,2.9,0,51,Intel HD Graphics 610,FALSE
Intel Core i5-7640X,250,4,4,4.2,112,Unknown,FALSE
Intel Celeron G3930T,46.07,2,2.7,0,35,Intel HD Graphics 610,FALSE
Intel Core i7-990X Extreme Edition,0,6,3.467,0,130,Unknown,TRUE
Intel Pentium G2030,0,2,3,0,55,Intel HD Graphics,FALSE
Intel Core i7-9700T,0,8,2,4.3,35,Intel HD Graphics 630,FALSE
Intel Core i5-9400T,0,6,1.8,3.4,35,Intel UHD Graphics 630,FALSE
Intel Pentium Gold G6600,69.63,2,4.2,0,58,Intel UHD Graphics 630,TRUE
Intel Core i3-6100T,0,2,3.2,0,35,Intel HD Graphics 530,TRUE
Intel Core i9-9940X,0,14,3.3,4.4,165,Unknown,TRUE
Intel Core 2 Quad Q9300,172,4,2.5,0,95,Unknown,FALSE
AMD FX-8120,0,8,3.1,0,125,Unknown,FALSE
AMD A8-3870K,0,4,3,0,100,Radeon HD 6550D,FALSE
Intel Core i5-7600T,0,4,2.8,3.7,35,Intel HD Graphics 630,FALSE
Intel Core 2 Extreme QX9775,1298,4,3.2,0,150,Unknown,FALSE
Intel Xeon E5-2660,0,8,2.2,3,95,Unknown,TRUE
Intel Xeon E3-1220 V3,103.6,4,3.1,3.5,80,Unknown,FALSE
Intel Pentium E6600,50,2,3.06,0,65,Unknown,FALSE
Intel Xeon E5-1650 V2,229.95,6,3.5,3.9,130,Unknown,TRUE
Intel Celeron 440,49.99,1,2,0,35,Unknown,FALSE
Intel Celeron G440,0,1,1.6,0,35,Intel HD Graphics,FALSE
AMD FX-4100,0,4,3.6,0,95,Unknown,FALSE
AMD A10-5800K,0,4,3.8,0,100,Radeon HD 7660D,FALSE
Intel Xeon E5-2680 V2,0,10,2.8,3.6,115,Unknown,TRUE
Intel Core i7-4790T,155.86,4,2.7,3.9,45,Unknown,TRUE
Intel Core i9-9900X,0,10,3.5,4.4,165,Unknown,TRUE
AMD Ryzen 3 1200 (12nm),0,4,3.1,3.4,65,Unknown,FALSE
Intel Pentium Gold G6605,176.34,2,4.3,0,58,Intel UHD Graphics 630,TRUE
AMD A10-7870K,281.82,4,3.9,4.1,95,Radeon R7 (on-die),FALSE
AMD A12-9800,140,4,3.8,4.2,65,Radeon R7 (on-die),FALSE
Intel Core i3-3210,70,2,3.2,0,55,Intel HD Graphics 2500,TRUE
Intel Pentium Gold G5420,0,2,3.8,0,54,Intel UHD Graphics 610,TRUE
Intel Core i5-10600K,0,6,4.1,4.8,125,Intel UHD Graphics 630,TRUE
Intel Xeon E5-2670,0,8,2.6,3.3,115,Unknown,TRUE
Intel Core i3-8300,0,4,3.7,0,62,Intel UHD Graphics 630,FALSE
Intel Core i9-9920X,799.99,12,3.5,4.4,165,Unknown,TRUE
Intel Xeon E5-2687W,0,8,3.1,3.8,150,Unknown,TRUE
Intel Core i5-7400T,75,4,2.4,3,35,Intel HD Graphics 630,FALSE
AMD Phenom II X4 955 Black,0,4,3.2,0,125,Unknown,FALSE
Intel Core 2 Quad Q9550S,0,4,2.83,0,65,Unknown,FALSE
AMD A8-6500,0,4,3.5,0,65,Radeon HD 8570D,FALSE
Intel Xeon E3-1275 V3,0,4,3.5,3.9,84,Intel HD Graphics P4600,TRUE
Intel Core i5-9600K,0,6,3.7,4.6,95,Intel UHD Graphics 630,FALSE
Intel Core i7-930,198.73,4,2.8,0,130,Unknown,TRUE
AMD Phenom II X4 945,0,4,3,0,125,Unknown,FALSE
Intel Core 2 Quad Q9400,0,4,2.66,0,95,Unknown,FALSE
Intel Xeon E5-2687W V2,0,8,3.4,4,150,Unknown,TRUE
AMD A6-7400K,89.98,2,3.5,3.9,65,Radeon R5 (on die),FALSE
Intel Core i3-8100,124.9,4,3.6,0,65,Intel UHD Graphics 630,FALSE
Intel Core i5-8500,0,6,3,4.1,65,Intel UHD Graphics 630,FALSE
Intel Core i9-9900T,0,8,2.1,4.4,35,Intel UHD Graphics 630,TRUE
Intel Core i7-7740X,504.57,4,4.3,4.5,112,Unknown,TRUE
Intel Celeron G530,41.86,2,2.4,0,65,Intel HD Graphics,FALSE
Intel Xeon E-2288G,0,8,3.7,5,95,Intel HD Graphics P630,TRUE
Intel Core 2 Quad Q9550,165.51,4,2.83,0,95,Unknown,FALSE
Intel Celeron G1820,0,2,2.7,0,53,Intel HD Graphics,FALSE
AMD 3850,0,4,1.3,0,25,Radeon HD 8280,FALSE
Intel Pentium G3250,61,2,3.2,0,53,Intel HD Graphics,FALSE
AMD Opteron 6378,0,16,2.4,3.3,115,Unknown,FALSE
Intel Core i5-4460S,0,4,2.9,3.4,65,Intel HD Graphics 4000,FALSE
AMD Athlon 220GE,0,2,3.4,0,35,Radeon Vega 3,TRUE
Intel Core 2 Duo E7300,38.19,2,2.66,0,65,Unknown,FALSE
AMD A10-6700,78.02,4,3.7,0,65,Radeon HD 8670D,FALSE
Intel Celeron 420,0,1,1.6,0,35,Unknown,FALSE
AMD Phenom II X6 1055T,0,6,2.8,0,125,Unknown,FALSE
Intel Pentium E2160,49,2,1.8,0,65,Unknown,FALSE
AMD Athlon II X2 250,0,2,3,0,65,Unknown,FALSE
AMD Athlon X4 750K,0,4,3.4,0,100,Unknown,FALSE
Intel Core i5-5675C,0,4,3.1,3.6,65,Iris Pro Graphics 6200,FALSE
Intel Core i7-5775C,0,4,3.3,3.7,65,Iris Pro Graphics 6200,TRUE
Intel Core i9-7940X,0,14,3.1,4.4,165,Unknown,TRUE
AMD Athlon 200GE,0,2,3.2,0,35,Radeon Vega 3,TRUE
Intel Pentium Gold G5400T,79.95,2,3.1,0,35,Intel UHD Graphics 610,TRUE
Intel Xeon E3-1245 V6,555.48,4,3.7,4.1,73,Intel HD Graphics P630,TRUE
Intel Xeon E5-1620 V2,0,4,3.7,3.9,130,Unknown,TRUE
Intel Pentium G630,37.49,2,2.7,0,65,Intel HD Graphics,FALSE
Intel Core i3-4340,60,2,3.6,0,54,Intel HD Graphics 4600,TRUE
Intel Core i3-4160,0,2,3.6,0,54,Intel HD Graphics 4400,TRUE
Intel Xeon E5-1650 V4,0,6,3.6,4,140,Unknown,TRUE
Intel Core i5-7600,0,4,3.5,4.1,65,Intel HD Graphics 630,FALSE
Intel Core i7-7700T,0,4,2.9,3.8,35,Intel HD Graphics 630,TRUE
AMD Ryzen 7 1800X,0,8,3.6,4,95,Unknown,TRUE
Intel Xeon E3-1270 V6,725.37,4,3.8,4.2,72,Unknown,TRUE
Intel Core i3-9300,264.13,4,3.7,4.3,62,Intel UHD Graphics 630,FALSE
AMD Athlon II X4 630,52.6,4,2.8,0,95,Unknown,FALSE
Intel Xeon E-2286G,777.91,6,4,4.9,95,Intel HD Graphics P630,TRUE
Intel Core i5-4690S,0,4,3.2,3.9,65,Intel HD Graphics 4600,FALSE
Intel Xeon E3-1270 V2,0,4,3.5,0,69,Unknown,TRUE
Intel Core 2 Duo E8600,0,2,3.33,0,65,Unknown,FALSE
Intel Core i3-2130,0,2,3.4,0,65,Intel HD Graphics 2000,TRUE
Intel Core i5-2550K,0,4,3.4,0,95,Unknown,FALSE
AMD A8-5500,0,4,3.2,0,65,Radeon HD 7560D,FALSE
Intel Celeron G1840,0,2,2.8,0,53,Intel HD Graphics,FALSE
Intel Xeon E5-1620,0,4,3.6,3.8,130,Unknown,TRUE
Intel Core i5-6600T,184.98,4,2.7,3.5,35,Intel HD Graphics 530,FALSE
Intel Core i5-8600,269.95,6,3.1,4.3,65,Intel UHD Graphics 630,FALSE
Intel Core i5-3330S,149.94,4,2.7,3.2,65,Intel HD Graphics 2500,FALSE
AMD Athlon 240GE,0,2,3.5,0,35,Radeon Vega 3,TRUE
AMD Athlon II X4 640,74.79,4,3,0,95,Unknown,FALSE
Intel Core i7-5775C,969.65,4,3.3,3.7,65,Iris Pro Graphics 6200,TRUE
Intel Core i5-3450S,95,4,2.8,0,65,Intel HD Graphics 2500,FALSE
Intel Xeon E3-1245 V3,0,4,3.4,3.8,84,Intel HD Graphics P4600,TRUE
Intel Core i5-3340,278.02,4,3.1,3.3,77,Intel HD Graphics 2500,FALSE
Intel Xeon E5-1680 V3,0,8,3.2,3.8,140,Unknown,TRUE
Intel Core i5-6600,0,4,3.3,3.9,65,Intel HD Graphics 530,FALSE
Intel Core i5-6400T,0,4,2.2,2.8,35,Intel HD Graphics 530,FALSE
Intel Core i7-6800K,329.11,6,3.4,3.6,140,Unknown,TRUE
Intel Core i5-3570S,0,4,3.1,3.8,65,Intel HD Graphics 2500,FALSE
Intel Pentium Gold G5600,0,2,3.9,0,54,Intel UHD Graphics 630,TRUE
Intel Core i5-3570,0,4,3.4,0,77,Intel HD Graphics 2500,FALSE
Intel Xeon E3-1241 V3,298,4,3.5,3.9,80,Unknown,TRUE
Intel Xeon E5-2650L,129.94,8,1.8,2.3,70,Unknown,TRUE
AMD A12-9800E,138.02,4,3.1,3.8,35,Radeon R7 (on-die),FALSE
Intel Xeon E5-2670 V2,0,10,2.5,3.3,115,Unknown,TRUE
AMD Athlon X4 760K,0,4,3.8,4.1,100,Unknown,FALSE
Intel Core i3-3245,60,2,3.4,0,55,Intel HD Graphics 4000,TRUE
Intel Xeon E5-2650L V2,0,10,1.7,2.1,70,Unknown,TRUE
AMD Athlon X4 880K,0,4,4,4.2,95,Unknown,FALSE
AMD Threadripper 2970WX,0,24,3,4.2,250,Unknown,TRUE
Intel Core i9-9940X,998.95,14,3.3,4.4,165,Unknown,TRUE
Intel Core i7-875K,180,4,2.93,0,95,Unknown,TRUE
Intel Xeon E5-2609 V4,293.37,8,1.7,0,85,Unknown,FALSE
Intel Pentium E5300,59.49,2,2.6,0,65,Unknown,FALSE
Intel Pentium E2140,79.95,2,1.6,0,65,Unknown,FALSE
AMD Athlon II X4 620,59.49,4,2.6,0,95,Unknown,FALSE
Intel Xeon E3-1275 V5,0,4,3.6,4,80,Intel HD Graphics P530,TRUE
Intel Xeon E3-1225 V5,265,4,3.3,3.7,80,Intel HD Graphics P530,FALSE
Intel Core i5-7640X,225.4,4,4,4.2,112,Unknown,FALSE
Intel Core i3-550,0,2,3.2,0,73,Intel HD Graphics,TRUE
AMD Phenom II X4 940 Black,0,4,3,0,125,Unknown,FALSE
Intel Xeon E3-1240 V2,345,4,3.4,0,69,Unknown,TRUE
Intel Xeon E3-1240 V3,0,4,3.4,3.8,80,Unknown,TRUE
Intel Core i5-4440S,117.8,4,2.8,3.3,65,Intel HD Graphics 4600,FALSE
Intel Core i7-3770T,0,4,2.5,3.7,45,Intel HD Graphics 4000,TRUE
Intel Core i3-6320,0,2,3.9,0,51,Intel HD Graphics 530,TRUE
Intel Pentium G3260,0,2,3.3,0,53,Intel HD Graphics,FALSE
AMD A10-9700E,0,4,3,3.5,35,Radeon R7 (on-die),FALSE
Intel Core i5-9500,0,6,3,4.4,65,Intel UHD Graphics 630,FALSE
Intel Xeon E3-1275,376.99,4,3.4,0,95,Intel HD Graphics,TRUE
Intel Core i7-940,149.94,4,2.93,0,130,Unknown,TRUE
Intel Xeon E3-1245 V2,367.5,4,3.4,0,77,Intel HD Graphics P4000,TRUE
Intel Core i7-870,195.02,4,2.93,0,95,Unknown,TRUE
Intel Pentium G4500,80.79,2,3.5,0,51,Intel HD Graphics 530,FALSE
Intel Pentium G620,0,2,2.6,0,65,Intel HD Graphics,FALSE
AMD Phenom II X6 1045T,0,6,2.7,0,95,Unknown,FALSE
Intel Core i3-3225,0,2,3.3,0,55,Intel HD Graphics 4000,TRUE
AMD A6-5400K,0,2,3.6,0,65,Radeon HD 7540D,FALSE
AMD 5150,0,4,1.6,0,25,Radeon HD 8400,FALSE
AMD FX-4300,0,4,3.8,0,95,Unknown,FALSE
Intel Xeon E3-1226 V3,0,4,3.3,3.7,84,Intel HD Graphics P4600,FALSE
Intel Xeon E3-1230 V5,0,4,3.4,3.8,80,Unknown,TRUE
Intel Pentium G4560,0,2,3.5,0,54,Intel HD Graphics 610,TRUE
AMD A6-7480,0,2,3.5,3.8,65,Radeon R5 (on die),FALSE
Intel Pentium E5800,58,2,3.2,0,65,Unknown,FALSE
Intel Xeon E3-1220 V5,121.05,4,3,3.5,80,Unknown,FALSE
Intel Celeron G3900,53.5,2,2.8,0,51,Intel HD Graphics 510,FALSE
Intel Core 2 Quad Q6600,94.97,4,2.4,0,100,Unknown,FALSE
Intel Core i9-7920X,0,12,2.9,4.4,140,Unknown,TRUE
Intel Core i7-880,0,4,3.06,0,95,Unknown,TRUE
Intel Core i7-970,0,6,3.2,0,130,Unknown,TRUE
AMD Sempron 140,0,1,2.7,0,45,Unknown,FALSE
AMD FX-4130,0,4,3.8,0,125,Unknown,FALSE
Intel Xeon E5-2660 V2,0,10,2.2,3,95,Unknown,TRUE
Intel Xeon E5-1650,0,6,3.2,3.8,130,Unknown,TRUE
Intel Xeon E5-2603 V3,135,6,1.6,0,85,Unknown,FALSE
Intel Xeon E5-2650L V4,0,14,1.7,2.5,65,Unknown,TRUE
Intel Core i5-8600T,0,6,2.3,3.7,35,Intel UHD Graphics 630,FALSE
AMD Threadripper 2950X,0,16,3.5,4.4,180,Unknown,TRUE
Intel Core i5-9600T,0,6,2.3,3.9,35,Intel UHD Graphics 630,FALSE
Intel Xeon E-2276G,0,6,3.8,4.9,80,Intel HD Graphics P630,TRUE
Intel Core i3-10305,169.99,4,3.8,4.5,65,Intel UHD Graphics 630,TRUE
Intel Core i3-2120T,60,2,2.6,0,35,Intel HD Graphics 2000,TRUE
Intel Core i3-2105,60,2,3.1,0,65,Intel HD Graphics 3000,TRUE
AMD FX-9370,0,8,4.4,4.7,220,Unknown,FALSE
Intel Xeon E5-4650,0,8,2.7,3.3,130,Unknown,TRUE
Intel Xeon E5-2630L V3,410,8,1.8,2.9,55,Unknown,TRUE
Intel Core 2 Duo E6750,89.95,2,2.66,0,65,Unknown,FALSE
Intel Pentium E6800,0,2,3.333,0,65,Unknown,FALSE
AMD A8-3850,0,4,2.9,0,100,Radeon HD 6550D,FALSE
Intel Pentium G645,70,2,2.9,0,65,Intel HD Graphics 2500,FALSE
Intel Xeon E3-1220 V2,0,4,3.1,0,69,Unknown,FALSE
AMD A10-6790K,0,4,4,4.3,100,Radeon HD 8670D,FALSE
Intel Xeon E5-2690,0,8,2.9,3.8,135,Unknown,TRUE
Intel Xeon E5-2670,0,8,2.6,3.3,115,Unknown,TRUE
Intel Xeon E5-2667 V2,0,8,3.3,4,130,Unknown,TRUE
Intel Xeon E3-1265L V3,398.95,4,2.5,3.7,45,Intel HD Graphics,TRUE
Intel Core i7-6850K,0,6,3.6,3.8,140,Unknown,TRUE
Intel Core i3-7300,0,2,4,0,51,Intel HD Graphics 630,TRUE
Intel Core i3-9350K,0,4,4,4.6,91,Intel HD Graphics 630,FALSE
Intel Core i7-860,189.95,4,2.8,0,95,Unknown,TRUE
Intel Xeon E-2176G,844.02,6,3.7,4.7,80,Intel HD Graphics P630,TRUE
Intel Core i5-4690,0,4,3.5,3.9,84,Intel HD Graphics 4600,FALSE
Intel Xeon E-2236,441.91,6,3.4,4.8,80,Unknown,TRUE
AMD Phenom II X4 975,168.02,4,3.6,0,125,Unknown,FALSE
Intel Xeon E5-2620 V3,95.07,6,2.4,3.2,85,Unknown,TRUE
AMD A6-7470K,89,2,3.7,4,65,Radeon R5 (on die),FALSE
Intel Xeon E5-2643 V4,479,6,3.4,3.7,135,Unknown,TRUE
Intel Xeon E-2278G,0,8,3.4,5,80,Intel HD Graphics P630,TRUE
Intel Celeron E3400,0,2,2.6,0,65,Unknown,FALSE
Intel Core i7-930,0,4,2.8,0,130,Unknown,TRUE
Intel Core 2 Extreme QX6700,0,4,2.66,0,100,Unknown,FALSE
AMD Athlon II X3 455,0,3,3.3,0,95,Unknown,FALSE
AMD Phenom II X4 840,0,4,3.2,0,95,Unknown,FALSE
AMD Phenom II X4 980 Black,0,4,3.7,0,125,Unknown,FALSE
Intel Core i3-3220T,80,2,2.8,0,35,Intel HD Graphics 2500,TRUE
Intel Core i3-4330,0,2,3.5,0,54,Intel HD Graphics 4600,TRUE
Intel Xeon E3-1271 V3,0,4,3.6,4,80,Unknown,TRUE
Intel Core i3-3240,0,2,3.4,0,55,Intel HD Graphics 2500,TRUE
Intel Core i7-6700T,0,4,2.8,3.6,35,Intel HD Graphics 530,TRUE
Intel Xeon E3-1240 V5,0,4,3.5,3.9,80,Unknown,TRUE
AMD Opteron 6328,499.99,8,3.2,3.8,115,Unknown,FALSE
Intel Xeon E5-2470V2,229.95,10,2.4,3.2,95,Unknown,TRUE
Intel Core i3-8350K,0,4,4,0,91,Intel UHD Graphics 630,FALSE
Intel Core i3-560,60,2,3.333,0,73,Intel HD Graphics,TRUE
Intel Pentium G2140,45,2,3.3,0,55,Intel HD Graphics,FALSE
AMD A10-6700,112.76,4,3.7,0,65,Radeon HD 8670D,FALSE
AMD A10-5800K,78.02,4,3.8,0,100,Radeon HD 7660D,FALSE
Intel Core i7-6900K,295.06,8,3.2,3.7,140,Unknown,TRUE
Intel Core 2 Duo E6320,0,2,1.86,0,65,Unknown,FALSE
Intel Core i5-680,0,2,3.6,0,73,Intel HD Graphics,TRUE
Intel Core 2 Quad Q8400,155.97,4,2.66,0,95,Unknown,FALSE
Intel Core i5-4690K,0,4,3.5,3.9,88,Intel HD Graphics 4600,FALSE
Intel Xeon E3-1246 V3,0,4,3.5,3.9,84,Intel HD Graphics P4600,TRUE
AMD FX-8370E,0,8,3.3,4.3,95,Unknown,FALSE
AMD Phenom II X2 B59,0,2,3.4,0,80,Unknown,FALSE
Intel Core i3-6100T,149.94,2,3.2,0,35,Intel HD Graphics 530,TRUE
Intel Xeon E3-1275 V5,0,4,3.6,4,80,Intel HD Graphics P530,TRUE
Intel Xeon E3-1230 V6,0,4,3.5,3.9,72,Unknown,TRUE
AMD Athlon 240GE,0,2,3.5,0,35,Radeon Vega 3,TRUE
Intel Core i5-9400,0,6,2.9,4.1,65,Intel UHD Graphics 630,FALSE
Intel Core i5-4590T,0,4,2,0,35,Intel HD Graphics 4000,TRUE
Intel Xeon E5-2695 V3,498.95,14,2.3,3.3,120,Unknown,TRUE
AMD Athlon II X4 635,58.02,4,2.9,0,95,Unknown,FALSE
Intel Xeon E5-2603,98.95,4,1.8,0,80,Unknown,FALSE
Intel Xeon E3-1280 V5,0,4,3.7,4,80,Unknown,TRUE
Intel Core 2 Duo E4300,0,2,1.8,0,65,Unknown,FALSE
Intel Core 2 Duo E4500,0,2,2.2,0,65,Unknown,FALSE
Intel Pentium G6950,55.01,2,2.8,0,73,Intel HD Graphics,FALSE
Intel Core i5-750,403,4,2.66,0,95,Unknown,FALSE
AMD Phenom II X4 830,55.05,4,2.8,0,95,Unknown,FALSE
AMD A6-3650,0,4,2.6,0,100,Radeon HD 6530D,FALSE
AMD FX-8120,0,8,3.1,0,125,Unknown,FALSE
Intel Core i3-4350,0,2,3.6,0,54,Intel HD Graphics 4600,TRUE
Intel Xeon E3-1276 V3,0,4,3.6,4,84,Intel HD Graphics P4600,TRUE
Intel Xeon E5-2690,0,8,2.9,3.8,135,Unknown,TRUE
Intel Xeon E5-1630 V3,0,4,3.7,3.8,140,Unknown,TRUE
Intel Xeon E5-2623 V3,229.95,4,3,3.5,105,Unknown,TRUE
AMD FX-8310,0,8,3.4,4.3,95,Unknown,FALSE
Intel Core i5-6500T,0,4,2.5,3.1,35,Intel HD Graphics 530,FALSE
AMD FX-8370,0,8,4,4.3,125,Unknown,FALSE
Intel Core i7-7800X,0,6,3.5,4,140,Unknown,TRUE
Intel Xeon E5-2420V2,0,6,2.2,2.7,80,Unknown,TRUE
Intel Core i3-8300T,0,4,3.2,0,35,Intel UHD Graphics 630,FALSE
AMD Ryzen 7 1800X,0,8,3.6,4,95,Unknown,TRUE
AMD Threadripper 2920X,0,12,3.5,4.3,180,Unknown,TRUE
AMD Athlon 220GE,0,2,3.4,0,35,Radeon Vega 3,TRUE
Intel Xeon E-2136,796,6,3.3,4.5,80,Unknown,TRUE
AMD A4-3400,134.09,2,2.7,0,65,Radeon HD 6410D,FALSE
AMD A4-3300,89.95,2,2.5,0,65,Radeon HD 6410D,FALSE
Intel Xeon E5-1620 V4,136.62,4,3.5,3.8,140,Unknown,TRUE
Intel Xeon E3-1285 V6,994.94,4,4.1,4.5,79,Intel HD Graphics 630,TRUE
Intel Xeon E-2146G,825,6,3.5,4.5,80,Intel HD Graphics P630,TRUE
Intel Core 2 Duo E7400,0,2,2.8,0,65,Unknown,FALSE
Intel Core i7-975 Extreme Edition,0,4,3.33,0,130,Unknown,TRUE
AMD Phenom II X6 1075T,0,6,3,0,95,Unknown,FALSE
Intel Pentium G840,0,2,2.8,0,65,Intel HD Graphics,FALSE
AMD A6-3500,0,3,2.1,0,65,Radeon HD 6530D,FALSE
AMD FX-8150,0,8,3.6,0,125,Unknown,FALSE
Intel Xeon E3-1230,0,4,3.2,0,80,Unknown,TRUE
Intel Xeon E3-1225 V2,247.5,4,3.2,0,77,Intel HD Graphics P4000,FALSE
AMD FX-9590,0,8,4.7,5,220,Unknown,FALSE
Intel Core i7-5960X,0,8,3,3.5,140,Unknown,TRUE
Intel Xeon E5-2650L V3,0,12,1.8,2.5,65,Unknown,TRUE
Intel Core i5-4570S,0,4,2.9,0,65,Intel HD Graphics 4600,FALSE
Intel Xeon E3-1270 V5,0,4,3.6,4,80,Unknown,TRUE
Intel Xeon E3-1260L V5,0,4,2.9,3.9,45,Unknown,TRUE
Intel Xeon E3-1235L V5,0,4,2,3,25,Intel HD Graphics P530,FALSE
Intel Xeon E5-2603 V4,449.95,6,1.7,0,85,Unknown,FALSE
AMD Athlon 5370,0,4,2.2,0,25,Radeon R3 (on die),FALSE
Intel Core i7-9800X,0,8,3.8,4.5,165,Unknown,TRUE
Intel Core i5-9600,0,6,3.1,4.6,65,Intel UHD Graphics 630,FALSE
Intel Xeon E-2136,0,6,3.3,4.5,80,Unknown,TRUE
Intel Xeon E-2274G,1064,4,4,4.9,83,Intel HD Graphics P630,TRUE
Intel Xeon E5-1650 V3,0,6,3.5,3.8,140,Unknown,TRUE
Intel Xeon E3-1275 V2,374,4,3.5,0,77,Intel HD Graphics P4000,TRUE
Intel Xeon E3-1280 V6,562,4,3.9,4.2,72,Unknown,TRUE
Intel Core 2 Quad Q9400,0,4,2.66,0,95,Unknown,FALSE
Intel Core i3-2125,152,2,3.3,0,65,Intel HD Graphics 3000,TRUE
AMD A4-6300B,54.44,2,3.7,3.9,65,Radeon HD 8370D,FALSE
Intel Xeon E5-2643 V3,235.44,6,3.4,3.7,135,Unknown,TRUE
AMD Opteron 6344,349.99,12,2.6,3.2,115,Unknown,FALSE
Intel Xeon E5-2683 V3,896.5,14,2,3,120,Unknown,TRUE
Intel Xeon E3-1220 V6,389.95,4,3,3.5,72,Unknown,FALSE
Intel Xeon E3-1225 V6,355.29,4,3.3,3.7,73,Intel HD Graphics P630,FALSE
Intel Xeon E-2174G,655.27,4,3.8,4.7,71,Intel HD Graphics P630,TRUE
AMD Phenom II X4 810,0,4,2.6,0,95,Unknown,FALSE
Intel Celeron E1200,0,2,1.6,0,65,Unknown,FALSE
Intel Pentium E2200,0,2,2.2,0,65,Unknown,FALSE
Intel Core 2 Duo E4400,108,2,2,0,65,Unknown,FALSE
Intel Pentium E5200,0,2,2.5,0,65,Unknown,FALSE
Intel Core 2 Duo E6550,89.95,2,2.33,0,65,Unknown,FALSE
Intel Core 2 Duo E6700,74.95,2,2.66,0,65,Unknown,FALSE
Intel Core i7-920,0,4,2.66,0,130,Unknown,TRUE
AMD Phenom II X4 965,0,4,3.4,0,125,Unknown,FALSE
AMD Athlon II X2 270,0,2,3.4,0,65,Unknown,FALSE
AMD FX-6200,0,6,3.8,0,125,Unknown,FALSE
Intel Pentium G640T,84.88,2,2.4,0,35,Intel HD Graphics,FALSE
AMD A10-5700,0,4,3.4,0,65,Radeon HD 7660D,FALSE
AMD Athlon II X4 651K,0,4,3,0,100,Unknown,FALSE
Intel Xeon E3-1235,219,4,3.2,0,95,Intel HD Graphics,TRUE
Intel Xeon E3-1245,245,4,3.3,0,95,Intel HD Graphics,TRUE
Intel Pentium G3420,0,2,3.2,0,54,Intel HD Graphics,FALSE
Intel Core i5-3340S,0,4,2.8,3.3,65,Intel HD Graphics 2500,FALSE
Intel Xeon E5-2620 V2,0,6,2.1,2.6,80,Unknown,TRUE
Intel Core i3-4360,0,2,3.7,0,54,Intel HD Graphics 4600,TRUE
Intel Pentium G3240,0,2,3.1,0,53,Intel HD Graphics,FALSE
AMD Sempron 150,0,1,2.9,0,45,Unknown,FALSE
AMD Opteron 6378,0,16,2.4,3.3,115,Unknown,FALSE
AMD A10-7890K,0,4,4.1,4.3,95,Radeon R7 (on-die),FALSE
AMD Athlon X4 870K,0,4,3.9,4.1,95,Unknown,FALSE
AMD A8-7650K,0,4,3.3,3.7,95,Radeon R7 (on-die),FALSE
Intel Xeon E5-2430V2,0,6,2.5,3,80,Unknown,TRUE
Intel Core i5-9500F,0,6,3,4.4,65,Unknown,FALSE
Intel Xeon E-2236,0,6,3.4,4.8,80,Unknown,TRUE
Intel Xeon E-2104G,589,4,3.2,0,65,Intel HD Graphics P630,FALSE
Intel Xeon E-2246G,0,6,3.6,4.8,80,Intel HD Graphics P630,TRUE
Intel Pentium Gold G6600,0,2,4.2,0,58,Intel UHD Graphics 630,TRUE
Intel Pentium G4620,224.12,2,3.7,0,51,Intel HD Graphics 630,TRUE
Intel Core i5-660,149.94,2,3.33,0,73,Intel HD Graphics,TRUE
Intel Core 2 Duo E8400,168.14,2,3,0,65,Unknown,FALSE
Intel Core i5-661,80,2,3.33,0,87,Intel HD Graphics,TRUE
Intel Celeron G540,69.98,2,2.5,0,65,Intel HD Graphics,FALSE
Intel Celeron G3920,495.09,2,2.6,0,35,Intel HD Graphics 510,FALSE
Intel Xeon E-2124G,279.88,4,3.4,4.5,71,Intel HD Graphics P630,FALSE
AMD Phenom II X3 720,0,3,2.8,0,95,Unknown,FALSE
Intel Celeron E1600,0,2,2.4,0,65,Unknown,FALSE
Intel Pentium E2180,0,2,2,0,65,Unknown,FALSE
Intel Core 2 Duo E8600,0,2,3.33,0,65,Unknown,FALSE
Intel Core i7-965 Extreme Edition,0,4,3.2,0,130,Unknown,TRUE
Intel Core 2 Quad Q9650,0,4,3,0,95,Unknown,FALSE
AMD Sempron 145,0,1,2.8,0,45,Unknown,FALSE
Intel Core i5-2405S,0,4,2.5,0,65,Intel HD Graphics 3000,FALSE
AMD FX-8100,0,8,2.8,0,95,Unknown,FALSE
AMD FX-4170,0,4,4.2,0,125,Unknown,FALSE
AMD A4-4000,0,2,3,0,65,Radeon HD 7480D,FALSE
AMD A6-6420K,0,2,4,4.2,65,Radeon HD 8000 Series,FALSE
Intel Pentium G3440,0,2,3.3,0,53,Intel HD Graphics,FALSE
AMD A10-7800,0,4,3.5,3.9,65,Radeon R7 (on-die),FALSE
AMD FX-4100,0,4,3.6,0,95,Unknown,FALSE
Intel Xeon E5-2637 V2,0,4,3.5,3.8,130,Unknown,TRUE
AMD Pro A10-7800B,0,4,3.5,3.9,65,Radeon R7 (on-die),FALSE
AMD A4-7300,0,2,3.8,4,65,Radeon HD 8470D,FALSE
AMD A10-7860k,0,4,3.6,4,65,Radeon R7 (on-die),FALSE
Intel Core i7-6900K,0,8,3.2,3.7,140,Unknown,TRUE
Intel Celeron G3930,63.92,2,2.9,0,51,Intel HD Graphics 610,FALSE
Intel Pentium G4560T,0,2,2.9,0,35,Intel HD Graphics 610,TRUE
Intel Core i3-7300T,128.46,2,3.5,0,35,Intel HD Graphics 630,TRUE
AMD A8-7670K,0,4,3.6,3.9,95,Radeon R7 (on-die),FALSE
Intel Xeon E-2126G,896,6,3.3,4.5,80,Intel HD Graphics P630,FALSE
Intel Core i5-4670T,0,4,2.3,0,45,Intel HD Graphics 4600,FALSE
Intel Xeon E5-2665,149.94,8,2.4,3.1,115,Unknown,TRUE
Intel Core 2 Duo E4300,70,2,1.8,0,65,Unknown,FALSE
Intel Xeon E3-1220,115,4,3.1,0,80,Unknown,FALSE
AMD FX-4350,113.51,4,4.2,0,125,Unknown,FALSE
Intel Pentium G3470,58.31,2,3.6,0,53,Intel HD Graphics,FALSE
Intel Pentium G3470,153.1,2,3.6,0,53,Intel HD Graphics,FALSE
AMD Phenom II X4 925,0,4,2.8,0,95,Unknown,FALSE
Intel Core 2 Duo E7600,0,2,3.06,0,65,Unknown,FALSE
Intel Core 2 Quad Q6700,0,4,2.66,0,100,Unknown,FALSE
Intel Core 2 Quad Q9550S,0,4,2.83,0,65,Unknown,FALSE
Intel Core 2 Extreme QX6850,0,4,3,0,130,Unknown,FALSE
AMD Athlon II X4 645,0,4,3.1,0,95,Unknown,FALSE
AMD Athlon II X3 450,0,3,3.2,0,95,Unknown,FALSE
Intel Pentium G2120,52,2,3.1,0,55,Intel HD Graphics,FALSE
Intel Xeon E3-1240,0,4,3.3,0,80,Unknown,TRUE
Intel Xeon E3-1265L V2,0,4,2.5,0,45,Intel HD Graphics 2500,TRUE
Intel Xeon E3-1225 V3,0,4,3.2,3.6,84,Intel HD Graphics P4600,FALSE
Intel Xeon E5-1660,0,6,3.3,3.9,130,Unknown,TRUE
AMD A10-6800K,0,4,4.1,0,100,Radeon HD 8670D,FALSE
AMD A4-3450,0,2,2.9,0,65,Unknown,FALSE
Intel Core i3-4160T,0,2,3.1,0,35,Intel HD Graphics 4400,TRUE
Intel Xeon E5-2630,0,6,2.3,0,95,Unknown,TRUE
AMD FX-8370,0,8,4,4.3,125,Unknown,FALSE
Intel Pentium G3450,0,2,3.4,0,53,Intel HD Graphics,FALSE
Intel Core i7-6950X,0,10,3,3.5,140,Unknown,TRUE
Intel Pentium G4600,169.95,2,3.6,0,51,Intel HD Graphics 630,TRUE
Intel Core i5-7500T,199.95,4,2.7,3.3,35,Intel HD Graphics 630,FALSE
Intel Xeon E3-1240 V6,429.95,4,3.7,4.1,72,Unknown,TRUE
Intel Core i9-7960X,0,16,2.8,4.4,165,Unknown,TRUE
AMD Athlon X4 970,0,4,3.8,4,65,Unknown,FALSE
Intel Core i9-9820X,0,10,3.3,4.1,165,Unknown,TRUE
Intel Core i5-9500F,0,6,3,4.4,65,Unknown,FALSE
Intel Celeron E3300,64.79,2,2.5,0,65,Unknown,FALSE
AMD Phenom II X6 1035T,0,6,2.6,0,95,Unknown,FALSE
Intel Xeon E5-2620,77,6,2,0,95,Unknown,TRUE
AMD Pro A10-7850B,148.02,4,3.7,4,95,Radeon R7 (on-die),FALSE
Intel Xeon E3-1220 V5,354.97,4,3,3.5,80,Unknown,FALSE
Intel Core i9-9920X,0,12,3.5,4.4,165,Unknown,TRUE
AMD Athlon II X2 255,0,2,3.1,0,65,Unknown,FALSE
Intel Celeron 430,59.95,1,1.8,0,35,Unknown,FALSE
Intel Celeron 430,59.95,1,1.8,0,35,Unknown,FALSE
AMD Phenom II X2 545,0,2,3,0,80,Unknown,FALSE
AMD Phenom II X2 550 Black,0,2,3.1,0,80,Unknown,FALSE
AMD Athlon II X4 635,0,4,2.9,0,95,Unknown,FALSE
AMD Phenom II X4 955 Black,0,4,3.2,0,125,Unknown,FALSE
Intel Pentium E2220,0,2,2.4,0,65,Unknown,FALSE
Intel Core 2 Duo E4600,0,2,2.4,0,65,Unknown,FALSE
Intel Core 2 Duo E7500,0,2,2.93,0,65,Unknown,FALSE
Intel Core 2 Duo E7600,98.95,2,3.06,0,65,Unknown,FALSE
Intel Core 2 Duo E8300,99.95,2,2.83,0,65,Unknown,FALSE
Intel Core 2 Duo E8500,0,2,3.16,0,65,Unknown,FALSE
Intel Core 2 Quad Q8200,0,4,2.33,0,95,Unknown,FALSE
Intel Core 2 Quad Q8300,0,4,2.5,0,95,Unknown,FALSE
Intel Pentium G850,0,2,2.9,0,65,Intel HD Graphics,FALSE
AMD Athlon II X4 631,0,4,2.6,0,100,Unknown,FALSE
Intel Core i5-2380P,70,4,3.1,0,95,Unknown,FALSE
AMD FX-8300,0,8,3.3,0,95,Unknown,FALSE
Intel Pentium G2130,0,2,3.2,0,55,Intel HD Graphics,FALSE
Intel Xeon E5-2609,95.07,4,2.4,0,80,Unknown,FALSE
AMD 5150,0,4,1.6,0,25,Radeon HD 8400,FALSE
AMD A10-7850K,0,4,3.7,4,95,Radeon R7 (on-die),FALSE
AMD A10-7700K,0,4,3.4,3.8,95,Radeon R7 (on-die),FALSE
Intel Core i3-4370,0,2,3.8,0,54,Intel HD Graphics 4600,TRUE
Intel Xeon E5-2643 V2,403.96,6,3.5,3.8,130,Unknown,TRUE
AMD A8-7600,0,4,3.1,3.8,65,Radeon R7 (on-die),FALSE
AMD Athlon X4 860K,0,4,3.7,4,95,Unknown,FALSE
AMD Phenom II X4 B99,0,4,3.3,0,95,Unknown,FALSE
Intel Xeon E5-2609 V3,0,6,1.9,0,85,Unknown,FALSE
Intel Xeon E5-2650 V3,0,10,2.3,3,105,Unknown,TRUE
Intel Xeon E5-2687W V3,0,10,3.1,3.5,160,Unknown,TRUE
Intel Xeon E5-2670 V3,0,12,2.3,3.1,120,Unknown,TRUE
Intel Xeon E3-1230 V2,249.95,4,3.3,0,69,Unknown,TRUE
AMD Phenom II X6 1065T,0,6,2.7,0,95,Unknown,FALSE
Intel Core i7-4770T,0,4,2.5,0,45,Intel HD Graphics 4600,TRUE
AMD A8-7670K,0,4,3.6,3.9,95,Radeon R7 (on-die),FALSE
AMD A8-7670K,0,4,3.6,3.9,95,Radeon R7 (on-die),FALSE
Intel Pentium G4520,0,2,3.6,0,51,Intel HD Graphics 530,FALSE
Intel Xeon E3-1245 V5,399,4,3.5,3.9,80,Intel HD Graphics P530,TRUE
AMD Opteron 6320,246.96,8,2.8,3.3,115,Unknown,FALSE
Intel Core i9-7900X,0,10,3.3,4.5,140,Unknown,TRUE
Intel Xeon E3-1275 V6,0,4,3.8,4.2,73,Intel HD Graphics P630,TRUE
AMD A6-9500E,0,2,3,3.4,35,Radeon R5 (on die),FALSE
Intel Xeon E5-2620,139.94,6,2,0,95,Unknown,TRUE
Intel Core i3-9350K,0,4,4,4.6,91,Intel HD Graphics 630,FALSE
Intel Xeon E-2244G,0,4,3.8,4.8,71,Intel HD Graphics P630,TRUE
Intel Xeon E3-1245 V6,449.95,4,3.7,4.1,73,Intel HD Graphics P630,TRUE
AMD Athlon II X2 215,0,2,2.7,0,65,Unknown,FALSE
AMD Athlon II X2 260,0,2,3.2,0,65,Unknown,FALSE
Intel Celeron 420,0,1,1.6,0,35,Unknown,FALSE
AMD Athlon II X3 425,0,3,2.7,0,95,Unknown,FALSE
AMD Phenom II X2 555 Black,0,2,3.2,0,80,Unknown,FALSE
AMD Athlon II X4 630,0,4,2.8,0,95,Unknown,FALSE
AMD Phenom II X6 1055T,0,6,2.8,0,125,Unknown,FALSE
AMD Phenom II X3 705e,0,3,2.5,0,65,Unknown,FALSE
AMD Phenom II X4 905e,0,4,2.5,0,65,Unknown,FALSE
AMD Phenom II X4 910e,0,4,2.6,0,65,Unknown,FALSE
Intel Celeron E1400,0,2,2,0,65,Unknown,FALSE
Intel Core 2 Duo E6420,69.95,2,2.13,0,65,Unknown,FALSE
Intel Core 2 Duo E6700,0,2,2.66,0,65,Unknown,FALSE
Intel Core 2 Duo E6750,0,2,2.66,0,65,Unknown,FALSE
Intel Core 2 Duo E8200,0,2,2.66,0,65,Unknown,FALSE
Intel Core i5-670,119.99,2,3.46,0,73,Intel HD Graphics,TRUE
Intel Core i7-860S,100,4,2.53,0,82,Unknown,TRUE
Intel Core i7-940,0,4,2.93,0,130,Unknown,TRUE
Intel Core 2 Quad Q9505,0,4,2.83,0,95,Unknown,FALSE
Intel Core 2 Extreme QX6700,0,4,2.66,0,100,Unknown,FALSE
Intel Core i3-2100T,0,2,2.5,0,35,Intel HD Graphics 2000,TRUE
AMD Phenom II X4 960T Black,0,4,3,0,95,Unknown,FALSE
AMD FX-6100,0,6,3.3,0,95,Unknown,FALSE
Intel Pentium G630T,75,2,2.3,0,35,Intel HD Graphics,FALSE
Intel Pentium G870,77,2,3.1,0,65,Intel HD Graphics,FALSE
Intel Pentium G550,0,2,2.6,0,65,Intel HD Graphics,FALSE
Intel Xeon E3-1270,0,4,3.4,0,80,Unknown,TRUE
Intel Xeon E3-1280,0,4,3.5,0,95,Unknown,TRUE
Intel Xeon E3-1280,0,4,3.5,0,95,Unknown,TRUE
AMD Athlon X4 740,0,4,3.2,0,65,Unknown,FALSE
Intel Pentium G2010,0,2,2.8,0,55,Intel HD Graphics,FALSE
Intel Celeron G1830,0,2,2.8,0,53,Intel HD Graphics,FALSE
Intel Xeon E5-2603 V2,0,4,1.8,0,80,Unknown,FALSE
AMD A4-4020,0,2,3.2,3.4,65,Radeon HD 7480D,FALSE
AMD Sempron 145,0,1,2.8,0,45,Unknown,FALSE
AMD A10-6700T,0,4,2.5,3.5,45,Radeon HD 8650D,FALSE
AMD A10-6790K,0,4,4,4.3,100,Radeon HD 8670D,FALSE
AMD A4-6300,0,2,3.7,3.9,65,Radeon HD 8370D,FALSE
AMD A4-4000,0,2,3,0,65,Radeon HD 7480D,FALSE
AMD FX-4150,0,4,4,4.1,125,Unknown,FALSE
AMD FX-6350,0,6,3.9,0,125,Unknown,FALSE
AMD Athlon II X4 651,0,4,3,0,100,Unknown,FALSE
Intel Core i3-4360T,0,2,3.2,0,35,Intel HD Graphics 4600,TRUE
Intel Xeon E3-1230 V3,0,4,3.3,3.7,80,Unknown,TRUE
Intel Xeon E5-2630L V2,0,6,2.4,0,60,Unknown,TRUE
Intel Xeon E5-1620 V3,0,4,3.5,3.6,140,Unknown,TRUE
AMD Athlon X2 350,0,2,3.5,3.9,65,Unknown,FALSE
AMD Athlon X4 840,0,4,3.1,3.8,65,Unknown,FALSE
AMD Sempron X2 250,0,2,3.2,3.6,65,Unknown,FALSE
Intel Pentium G3460,65.9,2,3.5,0,53,Intel HD Graphics,FALSE
Intel Xeon E5-2640 V3,189.95,8,2.6,3.4,90,Unknown,TRUE
Intel Xeon E5-2685 V3,0,12,2.6,3.3,120,Unknown,TRUE
Intel Xeon E5-2680 V3,0,12,2.5,3.3,120,Unknown,TRUE
AMD Phenom II X6 1065T,0,6,2.7,0,95,Unknown,FALSE
AMD A10-7870K,0,4,3.9,4.1,95,Radeon R7 (on-die),FALSE
Intel Pentium G4400,0,2,3.3,0,54,Intel HD Graphics 510,FALSE
Intel Xeon E3-1270 V5,0,4,3.6,4,80,Unknown,TRUE
Intel Xeon E3-1240 V5,0,4,3.5,3.9,80,Unknown,TRUE
AMD Opteron 6320,246.96,8,2.8,3.3,115,Unknown,FALSE
AMD Opteron 6328,499.99,8,3.2,3.8,115,Unknown,FALSE
Intel Core i7-6800K,0,6,3.4,3.6,140,Unknown,TRUE
Intel Core i3-7320,0,2,4.1,0,51,Intel HD Graphics 630,TRUE
Intel Core i5-7500T,0,4,2.7,3.3,35,Intel HD Graphics 630,FALSE
Intel Core i5-7600T,0,4,2.8,3.7,35,Intel HD Graphics 630,FALSE
Intel Core i7-7700T,0,4,2.9,3.8,35,Intel HD Graphics 630,TRUE
Intel Core i7-7820X,0,8,3.6,4.5,140,Unknown,TRUE
Intel Xeon E3-1240 V6,0,4,3.7,4.1,72,Unknown,TRUE
AMD A6-9550,0,2,3.8,4,65,Radeon R5 (on die),FALSE
Intel Core i5-3550S,0,4,3,3.7,65,Intel HD Graphics 2500,FALSE
Intel Core i3-8300,0,4,3.7,0,62,Intel UHD Graphics 630,FALSE
Intel Core i3-4360,0,2,3.7,0,54,Intel HD Graphics 4600,TRUE
Intel Core i3-9300,0,4,3.7,4.3,62,Intel UHD Graphics 630,FALSE
Intel Xeon E-2144G,867,4,3.6,4.5,71,Intel HD Graphics P630,TRUE
Intel Xeon E-2274G,0,4,4,4.9,83,Intel HD Graphics P630,TRUE
Intel Celeron G5925,0,2,3.6,0,58,Intel UHD Graphics 610,FALSE
Intel Celeron G5905T,0,2,3.3,0,35,Intel UHD Graphics 610,FALSE
Intel Core i3-10325,0,4,3.9,4.7,65,Intel UHD Graphics 630,TRUE
AMD Athlon II X4 620,0,4,2.6,0,95,Unknown,FALSE
Intel Xeon E5-2640 V2,0,8,2,2.5,95,Unknown,TRUE
AMD Opteron 6344,0,12,2.6,3.2,115,Unknown,FALSE
Intel Celeron G4920,0,2,3.2,0,65,Intel UHD Graphics 610,FALSE
AMD Athlon II X2 220,0,2,2.8,0,65,Unknown,FALSE
AMD Athlon II X2 240,0,2,2.8,0,65,Unknown,FALSE
AMD Athlon II X3 435,0,3,2.9,0,95,Unknown,FALSE
AMD Athlon II X3 440,0,3,3,0,95,Unknown,FALSE
AMD Athlon II X3 445,0,3,3.1,0,95,Unknown,FALSE
AMD Phenom II X4 920,0,4,2.8,0,125,Unknown,FALSE
AMD Phenom II X4 925,0,4,2.8,0,95,Unknown,FALSE
AMD Athlon II X2 250u,0,2,1.6,0,25,Unknown,FALSE
AMD Athlon II X3 400e,0,3,2.2,0,45,Unknown,FALSE
AMD Athlon II X3 415e,0,3,2.5,0,45,Unknown,FALSE
AMD Phenom II X4 965 Black (140W),0,4,3.4,0,140,Unknown,FALSE
Intel Celeron E1200,0,2,1.6,0,65,Unknown,FALSE
Intel Pentium E2180,0,2,2,0,65,Unknown,FALSE
Intel Celeron E3200,0,2,2.4,0,65,Unknown,FALSE
Intel Core 2 Duo E4400,0,2,2,0,65,Unknown,FALSE
Intel Core 2 Duo E4600,98.95,2,2.4,0,65,Unknown,FALSE
Intel Pentium E6500,90.66,2,2.93,0,65,Unknown,FALSE
Intel Core 2 Duo E6850,0,2,3,0,65,Unknown,FALSE
Intel Core 2 Duo E6850,89.95,2,3,0,65,Unknown,FALSE
Intel Core 2 Duo E7200,80.98,2,2.53,0,65,Unknown,FALSE
Intel Core 2 Duo E7300,0,2,2.66,0,65,Unknown,FALSE
Intel Core 2 Duo E8400,0,2,3,0,65,Unknown,FALSE
Intel Core i5-655K,0,2,3.2,0,73,Intel HD Graphics,TRUE
Intel Core i5-750S,125,4,2.4,0,82,Unknown,FALSE
Intel Core i7-965 Extreme Edition,0,4,3.2,0,130,Unknown,TRUE
Intel Core 2 Quad Q8200,0,4,2.33,0,95,Unknown,FALSE
Intel Core 2 Quad Q8200S,0,4,2.33,0,65,Unknown,FALSE
Intel Core 2 Quad Q9505,0,4,2.83,0,95,Unknown,FALSE
Intel Core 2 Quad Q9550,0,4,2.83,0,95,Unknown,FALSE
Intel Core 2 Extreme QX9770,0,4,3.2,0,136,Unknown,FALSE
Intel Core 2 Extreme X6800,0,2,2.93,0,75,Unknown,FALSE
AMD Athlon II X4 610e,0,4,2.4,0,45,Unknown,FALSE
AMD Phenom II X2 565 Black,0,2,3.4,0,80,Unknown,FALSE
AMD Phenom II X4 840,0,4,3.2,0,95,Unknown,FALSE
AMD Sempron 130,0,1,2.6,0,45,Unknown,FALSE
AMD A4-3400,0,2,2.7,0,65,Radeon HD 6410D,FALSE
AMD FX-8150,0,8,3.6,0,125,Unknown,FALSE
AMD Athlon II X4 645,0,4,3.1,0,95,Unknown,FALSE
AMD Phenom II X6 1100T Black,0,6,3.3,0,125,Unknown,FALSE
Intel Core i5-2450P,0,4,3.2,0,95,Unknown,FALSE
AMD Athlon II X2 260,0,2,3.2,0,65,Unknown,FALSE
AMD Athlon II X4 641,0,4,2.8,0,100,Unknown,FALSE
Intel Celeron G465,0,2,1.9,0,35,Intel HD Graphics,FALSE
Intel Xeon E3-1225,0,4,3.1,0,95,Intel HD Graphics,FALSE
Intel Xeon E3-1270,0,4,3.4,0,80,Unknown,TRUE
Intel Xeon E3-1275 V2,0,4,3.5,0,77,Intel HD Graphics P4000,TRUE
Intel Celeron G1620,0,2,2.7,0,55,Intel HD Graphics,FALSE
Intel Celeron G1630,0,2,2.8,0,55,Intel HD Graphics,FALSE
Intel Xeon E5-2609 V2,0,4,2.5,0,80,Unknown,FALSE
AMD FX-4130,0,4,3.8,0,125,Unknown,FALSE
AMD A10-6800B,0,4,4.1,4.4,100,Radeon HD 8670D,FALSE
AMD A4-6320,0,2,3.8,4,65,Radeon HD 8370D,FALSE
AMD A4-3400,0,2,2.7,0,65,Radeon HD 6410D,FALSE
AMD A4-3420,0,2,2.8,0,65,Radeon HD 6410D,FALSE
Intel Celeron G470,0,1,2,0,35,Intel HD Graphics,TRUE
AMD FX-4170,0,4,4.2,0,125,Unknown,FALSE
AMD FX-4320,0,4,4,4.2,95,Unknown,FALSE
AMD Athlon II X2 221,0,2,2.8,0,65,Unknown,FALSE
AMD E2-3200,0,2,2.4,0,65,Radeon HD 6370D,FALSE
Intel Xeon E5-2687W,0,8,3.1,3.8,150,Unknown,TRUE
AMD Athlon X4 550,0,4,2.2,0,25,Unknown,FALSE
AMD Pro A8-7600B,0,4,3.1,3.8,65,Radeon R7 (on-die),FALSE
AMD Pro A4-7300B,0,2,3.8,4,65,Radeon HD 8470D,FALSE
Intel Xeon E5-2609 V3,0,6,1.9,0,85,Unknown,FALSE
Intel Xeon E5-2603 V3,0,6,1.6,0,85,Unknown,FALSE
Intel Xeon E5-2695 V3,0,14,2.3,3.3,120,Unknown,TRUE
Intel Xeon E3-1270 V3,0,4,3.5,3.9,80,Unknown,TRUE
Intel Xeon E5-2630 V2,0,6,2.6,3.1,80,Unknown,TRUE
Intel Core i5-5675C,0,4,3.1,3.6,65,Iris Pro Graphics 6200,FALSE
Intel Core i3-6320,0,2,3.9,0,51,Intel HD Graphics 530,TRUE
Intel Core i3-6300T,0,2,3.3,0,35,Intel HD Graphics 530,TRUE
Intel Core i5-6400T,0,4,2.2,2.8,35,Intel HD Graphics 530,FALSE
Intel Core i5-6600T,0,4,2.7,3.5,35,Intel HD Graphics 530,FALSE
Intel Pentium G4500,0,2,3.5,0,51,Intel HD Graphics 530,FALSE
Intel Pentium G4400T,0,2,2.9,0,35,Intel HD Graphics 510,FALSE
Intel Pentium G4500T,0,2,3,0,35,Intel HD Graphics 530,FALSE
Intel Pentium G3260,0,2,3.3,0,53,Intel HD Graphics,FALSE
Intel Core i7-6850K,0,6,3.6,3.8,140,Unknown,TRUE
Intel Pentium G4620,0,2,3.7,0,51,Intel HD Graphics 630,TRUE
Intel Celeron G3950,0,2,3,0,51,Intel HD Graphics 610,FALSE
Intel Pentium G4600T,0,2,3,0,35,Intel HD Graphics 630,TRUE
Intel Core i3-7101TE,0,2,3.4,0,35,Intel HD Graphics 610,TRUE
Intel Xeon E3-1220 V6,398.95,4,3,3.5,72,Unknown,FALSE
Intel Xeon E3-1225 V6,369.51,4,3.3,3.7,73,Intel HD Graphics P630,FALSE
Intel Xeon E3-1230 V6,449.95,4,3.5,3.9,72,Unknown,TRUE
AMD Athlon X4 940,0,4,3.2,3.6,65,Unknown,FALSE
Intel Core i7-870S,0,4,2.667,0,82,Unknown,TRUE
Intel Pentium Gold G5500,0,2,3.8,0,54,Intel UHD Graphics 630,TRUE
Intel Pentium Gold G5600,0,2,3.9,0,54,Intel UHD Graphics 630,TRUE
Intel Pentium Gold G5500T,0,2,3.2,0,35,Intel UHD Graphics 630,TRUE
Intel Xeon E5-2665,0,8,2.4,3.1,115,Unknown,TRUE
Intel Xeon E5-2660,0,8,2.2,3,95,Unknown,TRUE
Intel Core i3-9320,0,4,3.7,4.4,62,Unknown,FALSE
Intel Core i3-9320,0,4,3.7,4.4,62,Unknown,FALSE
Intel Xeon E-2174G,0,4,3.8,4.7,71,Intel HD Graphics P630,TRUE
Intel Xeon E-2134,697,4,3.5,4.5,71,Unknown,TRUE
Intel Pentium G3420,0,2,3.2,0,54,Intel HD Graphics,FALSE
Intel Xeon E5-2637 V3,483.62,4,3.5,3.7,135,Unknown,TRUE
Intel Core i3-7350K,0,2,4.2,0,60,Intel HD Graphics 630,TRUE
Intel Core i5-7600T,229.95,4,2.8,3.7,35,Intel HD Graphics 630,FALSE
AMD Athlon II X2 250,0,2,3,0,65,Unknown,FALSE
Intel Celeron 430,0,1,1.8,0,35,Unknown,FALSE
AMD Athlon II X3 435,0,3,2.9,0,95,Unknown,FALSE
AMD Athlon II X3 440,0,3,3,0,95,Unknown,FALSE
AMD Phenom II X2 550,0,2,3.1,0,80,Unknown,FALSE
AMD Athlon II X4 635,0,4,2.9,0,95,Unknown,FALSE
AMD Phenom II X4 945,0,4,3,0,125,Unknown,FALSE
AMD Phenom II X4 945,0,4,3,0,125,Unknown,FALSE
AMD Athlon II X2 235e,0,2,2.7,0,45,Unknown,FALSE
AMD Athlon II X2 240e,0,2,2.8,0,45,Unknown,FALSE
AMD Athlon II X2 245e,0,2,2.9,0,45,Unknown,FALSE
AMD Athlon II X3 405e,0,3,2.3,0,45,Unknown,FALSE
AMD Phenom II X3 720 Black,0,3,2.8,0,95,Unknown,FALSE
AMD Phenom II X3 740 Black,0,3,3,0,95,Unknown,FALSE
Intel Celeron E1500,0,2,2.2,0,65,Unknown,FALSE
Intel Celeron E1500,0,2,2.2,0,65,Unknown,FALSE
Intel Pentium E2140,0,2,1.6,0,65,Unknown,FALSE
Intel Pentium E2140,0,2,1.6,0,65,Unknown,FALSE
Intel Pentium E2160,0,2,1.8,0,65,Unknown,FALSE
Intel Pentium E2160,0,2,1.8,0,65,Unknown,FALSE
Intel Celeron E3200,0,2,2.4,0,65,Unknown,FALSE
Intel Celeron E3300,0,2,2.5,0,65,Unknown,FALSE
Intel Core 2 Duo E4500,0,2,2.2,0,65,Unknown,FALSE
Intel Pentium E5300,79.4,2,2.6,0,65,Unknown,FALSE
Intel Pentium E5300,79.4,2,2.6,0,65,Unknown,FALSE
Intel Pentium E5500,0,2,2.8,0,65,Unknown,FALSE
Intel Pentium E6300,0,2,2.8,0,65,Unknown,FALSE
Intel Core 2 Duo E6320,89.95,2,1.86,0,65,Unknown,FALSE
Intel Core 2 Duo E6400,89.95,2,2.13,0,65,Unknown,FALSE
Intel Core 2 Duo E6420,0,2,2.13,0,65,Unknown,FALSE
Intel Core 2 Duo E6550,0,2,2.33,0,65,Unknown,FALSE
Intel Pentium E6600,0,2,3.06,0,65,Unknown,FALSE
Intel Core 2 Duo E6700,0,2,2.66,0,65,Unknown,FALSE
Intel Core 2 Duo E7400,0,2,2.8,0,65,Unknown,FALSE
Intel Core 2 Duo E7400,0,2,2.8,0,65,Unknown,FALSE
Intel Core 2 Duo E8400,0,2,3,0,65,Unknown,FALSE
Intel Core 2 Duo E8500,0,2,3.16,0,65,Unknown,FALSE
Intel Core i7-860S,0,4,2.53,0,82,Unknown,TRUE
Intel Core 2 Quad Q6700,0,4,2.66,0,100,Unknown,FALSE
Intel Core 2 Quad Q8300,0,4,2.5,0,95,Unknown,FALSE
Intel Core 2 Quad Q8300,0,4,2.5,0,95,Unknown,FALSE
Intel Core 2 Quad Q8400,0,4,2.66,0,95,Unknown,FALSE
Intel Core 2 Quad Q8400S,0,4,2.66,0,65,Unknown,FALSE
Intel Core 2 Quad Q9450,0,4,2.66,0,95,Unknown,FALSE
Intel Core 2 Extreme QX6800,0,4,2.93,0,100,Unknown,FALSE
Intel Core 2 Extreme QX6800,0,4,2.93,0,100,Unknown,FALSE
AMD Athlon II X4 630,0,4,2.8,0,95,Unknown,FALSE
AMD Athlon II X2 265,0,2,3.2,0,65,Unknown,FALSE
AMD Phenom II X3 715 Black,0,3,2.8,0,95,Unknown,FALSE
AMD Phenom II X4 970 Black,0,4,3.5,0,125,Unknown,FALSE
AMD Phenom II X2 545,0,2,3,0,80,Unknown,FALSE
AMD Phenom II X2 560 Black,0,2,3.3,0,80,Unknown,FALSE
AMD Phenom II X4 955,0,4,3.2,0,125,Unknown,FALSE
AMD Phenom II X4 955,0,4,3.2,0,125,Unknown,FALSE
AMD Athlon II X4 630,0,4,2.8,0,95,Unknown,FALSE
AMD Sempron 130,0,1,2.6,0,45,Unknown,FALSE
AMD Phenom II X4 960T Black,0,4,3,0,95,Unknown,FALSE
Intel Pentium G860,0,2,3,0,65,Intel HD Graphics,FALSE
AMD A8-3850,0,4,2.9,0,100,Radeon HD 6550D,FALSE
AMD Athlon II X2 250,0,2,3,0,65,Unknown,FALSE
Intel Celeron G555,0,2,2.7,0,65,Intel HD Graphics,FALSE
Intel Pentium G3430,51.5,2,3.3,0,54,Intel HD Graphics,FALSE
AMD FX-9370,0,8,4.4,4.7,220,Unknown,FALSE
AMD 5350,0,4,2.05,0,25,Radeon HD 8400,FALSE
Intel Celeron G1850,0,2,2.9,0,53,Intel HD Graphics,FALSE
AMD Sempron X2 198,0,2,2.5,0,65,Unknown,FALSE
AMD Sempron X2 198,0,2,2.5,0,65,Unknown,FALSE
AMD Sempron X2 190,0,2,2.5,0,45,Unknown,FALSE
AMD A4-3300,0,2,2.5,0,65,Radeon HD 6410D,FALSE
AMD A4-3300,0,2,2.5,0,65,Radeon HD 6410D,FALSE
AMD A4-3400,0,2,2.7,0,65,Radeon HD 6410D,FALSE
AMD A4-5300,0,2,3.4,0,65,Radeon HD 7480D,FALSE
AMD A6-7400K,0,2,3.5,3.9,65,Radeon R5 (on die),FALSE
Intel Celeron G470,0,1,2,0,35,Intel HD Graphics,TRUE
AMD FX-4200,0,4,3.3,0,125,Unknown,FALSE
AMD FX-6200,0,6,3.8,0,125,Unknown,FALSE
AMD Athlon II X4 651,0,4,3,0,100,Unknown,FALSE
AMD Athlon II X4 638,0,4,2.7,0,65,Unknown,FALSE
AMD Athlon II X4 638,0,4,2.7,0,65,Unknown,FALSE
AMD E2-3200,0,2,2.4,0,65,Radeon HD 6370D,FALSE
AMD Athlon X2 370K,0,2,4.2,0,65,Unknown,FALSE
Intel Xeon E5-1660 V2,0,6,3.7,4,130,Unknown,TRUE
AMD Athlon X2 450,0,2,3.5,3.9,65,Unknown,FALSE
Intel Pentium G3250,0,2,3.2,0,53,Intel HD Graphics,FALSE
Intel Pentium G3250T,0,2,2.8,0,35,Intel HD Graphics,FALSE
Intel Pentium G3460,75.9,2,3.5,0,53,Intel HD Graphics,FALSE
Intel Xeon E5-2622 V3,0,8,2.4,0,85,Unknown,TRUE
Intel Xeon E5-2630 V3,459,8,2.4,3.2,85,Unknown,TRUE
Intel Xeon E5-2697 V3,0,14,2.6,3.6,145,Unknown,TRUE
Intel Xeon E5-2609,0,4,2.4,0,80,Unknown,FALSE
Intel Xeon E5-2603 V2,0,4,1.8,0,80,Unknown,FALSE
Intel Xeon E3-1245 V3,0,4,3.4,3.8,84,Intel HD Graphics P4600,TRUE
AMD FX-8310,0,8,3.4,4.3,95,Unknown,FALSE
Intel Core i5-4570S,0,4,2.9,0,65,Intel HD Graphics 4600,FALSE
Intel Core i3-6300T,0,2,3.3,0,35,Intel HD Graphics 530,TRUE
Intel Pentium G4520,0,2,3.6,0,51,Intel HD Graphics 530,FALSE
Intel Xeon E3-1225 V5,0,4,3.3,3.7,80,Intel HD Graphics P530,FALSE
AMD Athlon X4 845,0,4,3.5,3.8,65,Unknown,FALSE
AMD A6-7470K,0,2,3.7,4,65,Radeon R5 (on die),FALSE
AMD Athlon X4 880K,0,4,4,4.2,95,Unknown,FALSE
Intel Xeon E5-2658 V3,0,12,2.2,2.9,105,Unknown,TRUE
AMD Athlon 5370,0,4,2.2,0,25,Radeon R3 (on die),FALSE
AMD Athlon X4 860K,0,4,3.7,4,95,Unknown,FALSE
Intel Core i3-7300,0,2,4,0,51,Intel HD Graphics 630,TRUE
Intel Celeron G3950,0,2,3,0,51,Intel HD Graphics 610,FALSE
Intel Core i3-7100T,0,2,3.4,0,35,Intel HD Graphics 630,TRUE
Intel Core i3-7300T,0,2,3.5,0,35,Intel HD Graphics 630,TRUE
Intel Core i5-7400T,0,4,2.4,3,35,Intel HD Graphics 630,FALSE
Intel Core i7-7740X,0,4,4.3,4.5,112,Unknown,TRUE
Intel Xeon E5-2440V2,0,8,1.9,2.4,95,Unknown,TRUE
Intel Core i7-870S,0,4,2.667,0,82,Unknown,TRUE
Intel Core i9-7940X,0,14,3.1,4.4,165,Unknown,TRUE
Intel Xeon E-2146G,988,6,3.5,4.5,80,Intel HD Graphics P630,TRUE
Intel Xeon E-2124,0,4,3.3,4.3,71,Unknown,FALSE
Intel Xeon E-2124G,0,4,3.4,4.5,71,Intel HD Graphics P630,FALSE
Intel Pentium G3240,0,2,3.1,0,53,Intel HD Graphics,FALSE
Intel Xeon E3-1275 V6,361.55,4,3.8,4.2,73,Intel HD Graphics P630,TRUE
AMD Athlon II X2 245,0,2,2.9,0,65,Unknown,FALSE
Intel Celeron 450,0,1,2.2,0,35,Unknown,FALSE
AMD Phenom II X3 710,0,3,2.6,0,95,Unknown,FALSE
AMD Phenom II X4 805,0,4,2.5,0,95,Unknown,FALSE
AMD Phenom II X4 910,0,4,2.6,0,95,Unknown,FALSE
AMD Athlon II X2 260u,0,2,1.8,0,25,Unknown,FALSE
AMD Athlon II X3 405e,0,3,2.3,0,45,Unknown,FALSE
AMD Athlon II X4 600e,0,4,2.2,0,45,Unknown,FALSE
AMD Athlon II X4 605e,0,4,2.3,0,45,Unknown,FALSE
AMD Athlon II X4 610e,0,4,2.4,0,45,Unknown,FALSE
AMD Phenom II X4 940 Black,0,4,3,0,125,Unknown,FALSE
Intel Celeron E1600,0,2,2.4,0,65,Unknown,FALSE
Intel Pentium E2180,0,2,2,0,65,Unknown,FALSE
Intel Pentium E2200,0,2,2.2,0,65,Unknown,FALSE
Intel Pentium E5400,0,2,2.7,0,65,Unknown,FALSE
Intel Pentium E5400,0,2,2.7,0,65,Unknown,FALSE
Intel Pentium E6300,0,2,2.8,0,65,Unknown,FALSE
Intel Core 2 Duo E6400,0,2,2.13,0,65,Unknown,FALSE
Intel Pentium E6500,0,2,2.93,0,65,Unknown,FALSE
Intel Core 2 Duo E6540,0,2,2.33,0,65,Unknown,FALSE
Intel Core 2 Duo E6550,0,2,2.33,0,65,Unknown,FALSE
Intel Core 2 Duo E7200,0,2,2.53,0,65,Unknown,FALSE
Intel Core 2 Duo E7500,0,2,2.93,0,65,Unknown,FALSE
Intel Core 2 Duo E8190,0,2,2.66,0,65,Unknown,FALSE
Intel Core 2 Duo E8200,0,2,2.66,0,65,Unknown,FALSE
Intel Core 2 Duo E8200,0,2,2.66,0,65,Unknown,FALSE
Intel Core 2 Duo E8500,0,2,3.16,0,65,Unknown,FALSE
Intel Core i5-750S,0,4,2.4,0,82,Unknown,FALSE
Intel Core 2 Quad Q8200,0,4,2.33,0,95,Unknown,FALSE
Intel Core 2 Quad Q8200S,0,4,2.33,0,65,Unknown,FALSE
Intel Core 2 Quad Q8400S,0,4,2.66,0,65,Unknown,FALSE
Intel Core 2 Quad Q9400S,0,4,2.66,0,65,Unknown,FALSE
Intel Core 2 Quad Q9400S,0,4,2.66,0,65,Unknown,FALSE
Intel Core 2 Quad Q9450,0,4,2.66,0,95,Unknown,FALSE
Intel Core 2 Quad Q9505S,0,4,2.83,0,65,Unknown,FALSE
Intel Core 2 Extreme QX6800,0,4,2.93,0,100,Unknown,FALSE
Intel Core 2 Extreme QX6800,0,4,2.93,0,100,Unknown,FALSE
Intel Core 2 Extreme QX6850,0,4,3,0,130,Unknown,FALSE
Intel Core 2 Extreme QX9650,0,4,3,0,130,Unknown,FALSE
Intel Core 2 Extreme QX9775,0,4,3.2,0,150,Unknown,FALSE
Intel Core 2 Extreme QX9775,0,4,3.2,0,150,Unknown,FALSE
Intel Core 2 Extreme QX9775,0,4,3.2,0,150,Unknown,FALSE
Intel Core 2 Extreme X6800,0,2,2.93,0,75,Unknown,FALSE
AMD Athlon II X2 255,0,2,3.1,0,65,Unknown,FALSE
AMD Athlon II X3 425,0,3,2.7,0,95,Unknown,FALSE
Intel Pentium E5500,0,2,2.8,0,65,Unknown,FALSE
Intel Pentium E6700,0,2,3.2,0,65,Unknown,FALSE
AMD Phenom II X4 975,0,4,3.6,0,125,Unknown,FALSE
AMD Athlon II X2 245,0,2,2.9,0,65,Unknown,FALSE
AMD Athlon II X2 245,0,2,2.9,0,65,Unknown,FALSE
AMD Phenom II X4 925,0,4,2.8,0,95,Unknown,FALSE
AMD Phenom II X3 720 Black,0,3,2.8,0,95,Unknown,FALSE
AMD Athlon II X3 460,0,3,3.4,0,95,Unknown,FALSE
AMD Athlon II X3 440,0,3,3,0,95,Unknown,FALSE
Intel Pentium G620T,0,2,2.2,0,35,Intel HD Graphics,FALSE
AMD Phenom II X4 970,0,4,3.5,0,125,Unknown,FALSE
AMD Phenom II X4 980 Black,0,4,3.7,0,125,Unknown,FALSE
AMD A6-3650,0,4,2.6,0,100,Radeon HD 6530D,FALSE
AMD A6-6420K,0,2,4,4.2,65,Radeon HD 8000 Series,FALSE
Intel Pentium G3450,0,2,3.4,0,53,Intel HD Graphics,FALSE
Intel Pentium G3258,0,2,3.2,0,53,Intel HD Graphics,FALSE
AMD A10-6790B,0,4,4,0,100,Radeon HD 8670D,FALSE
AMD A4-6320,0,2,3.8,4,65,Radeon HD 8370D,FALSE
AMD A4-4020,0,2,3.2,3.4,65,Radeon HD 7480D,FALSE
AMD FX-6130,0,6,3.6,3.9,125,Unknown,FALSE
AMD FX-8120,0,8,3.1,0,125,Unknown,FALSE
AMD FX-8140,0,8,3.2,4.1,95,Unknown,FALSE
AMD Athlon II X2 221,0,2,2.8,0,65,Unknown,FALSE
AMD FX-8320E,0,8,3.2,4,95,Unknown,FALSE
AMD FX-8370E,0,8,3.3,4.3,95,Unknown,FALSE
AMD Athlon X4 530,0,4,2,0,25,Unknown,FALSE
AMD Pro A6-7400B,0,2,3.5,3.9,65,Radeon R5 (on die),FALSE
Intel Pentium G3250,0,2,3.2,0,53,Intel HD Graphics,FALSE
Intel Core i3-6300,0,2,3.8,0,51,Intel HD Graphics 530,TRUE
Intel Xeon E3-1230 V5,0,4,3.4,3.8,80,Unknown,TRUE
Intel Core i3-7300T,128.46,2,3.5,0,35,Intel HD Graphics 630,TRUE
Intel Core i5-7640X,0,4,4,4.2,112,Unknown,FALSE
Intel Xeon E5-2450V2,0,8,2.5,3.3,95,Unknown,TRUE
Intel Xeon E3-1270 V6,0,4,3.8,4.2,72,Unknown,TRUE
AMD A6-9550,0,2,3.8,4,65,Radeon R5 (on die),FALSE
AMD Athlon X4 940,0,4,3.2,3.6,65,Unknown,FALSE
Intel Xeon E-2134,0,4,3.5,4.5,71,Unknown,TRUE
