name,price,type,interface,capacity,price_per_gb,color
Apricorn Aegis Fortress L3,12999.0,Portable,"USB Type-A 3.2 Gen 1, USB Type-C 3.2 Gen 1",20000,0.65,Black
Western Digital My Book Duo,1199.99,Desktop,"USB Type-A 3.2 Gen 1, USB Type-C 3.2 Gen 1",44000,0.027,Black
Apricorn Padlock DT FIPS,661.99,Desktop,USB Type-A 3.2 Gen 1,10000,0.066,Black
Apricorn Padlock DT FIPS,1172.46,Desktop,USB Type-A 3.2 Gen 1,22000,0.053,Black
Western Digital ELEMENTS,64.98,Portable,USB Type-A 3.2 Gen 1,1000,0.065,Unknown
Western Digital My Book Duo,1049.99,Desktop,"USB Type-A 3.2 Gen 1, USB Type-C 3.2 Gen 1",36000,0.029,Black
Apricorn Aegis Fortress,383.88,Portable,USB Type-A 3.2 Gen 1,1000,0.384,Black
Western Digital WD_BLACK P10,134.85,Portable,USB Type-A 3.2 Gen 1,5000,0.027,Black
Samsung T5 EVO Portable,599.99,Portable,USB Type-C 3.2 Gen 1,8000,0.075,Black
Samsung T9 Portable,359.99,Portable,USB Type-C 3.2 Gen 2x2,4000,0.09,Black
Sabrent Rocket XTRM-Q,0.0,Desktop,USB Type-C 3.2 Gen 2,16000,0.0,Unknown
Western Digital My Passport,106.64,Portable,USB Type-A 3.2 Gen 1,4000,0.027,Black
Western Digital ELEMENTS,159.99,Desktop,USB Type-A 3.2 Gen 1,8000,0.02,Black
Seagate One Touch,85.98,Portable,USB Type-A 3.2 Gen 1,2000,0.043,Black
Western Digital easystore,279.99,Desktop,USB Type-A 3.2 Gen 1,14000,0.02,Black
Verbatim Vx460,33.31,Portable,USB Type-A 3.2 Gen 1,128,0.26,Black
Samsung T7 Shield,319.99,Portable,USB Type-C 3.2 Gen 2,4000,0.08,Black
Apricorn Aegis Fortress,2769.0,Portable,USB Type-A 3.2 Gen 1,8000,0.346,Black
Western Digital My Passport,69.75,Portable,USB Type-A 3.2 Gen 1,2000,0.035,Black
SanDisk Extreme Portable V2,299.99,Portable,USB Type-C 3.2 Gen 1,4000,0.075,Black / Orange
Seagate One Touch,499.99,Desktop,USB Type-A 3.2 Gen 1,18000,0.028,Black
Western Digital WD_BLACK P10,80.0,Portable,USB Type-A 3.2 Gen 1,2000,0.04,Black
Western Digital My Passport,121.19,Portable,USB Type-A 3.2 Gen 1,5000,0.024,Black
Crucial X10 Pro,284.99,Portable,USB Type-C 3.2 Gen 2x2,4000,0.071,Black
Western Digital My Passport,59.75,Portable,USB Type-A 3.2 Gen 1,1000,0.06,Black
SanDisk Extreme Portable V2,109.99,Portable,USB Type-C 3.2 Gen 1,1000,0.11,Black / Orange
Western Digital easystore,329.99,Desktop,"USB Type-A 2.0, USB Type-A 3.2 Gen 1",18000,0.018,Black
Seagate Backup Plus Portable,93.0,Portable,USB Type-A 3.2 Gen 1,4000,0.023,Black
Seagate Backup Plus Slim,0.0,Portable,USB Type-A 3.2 Gen 1,1000,0.0,Black
Seagate One Touch,54.99,Portable,USB Type-A 3.2 Gen 1,1000,0.055,Black
Samsung T7 Portable,115.98,Portable,USB Type-C 3.2 Gen 1,1000,0.116,Black / Silver
Western Digital ELEMENTS,279.99,Desktop,USB Type-A 3.2 Gen 2,14000,0.02,Black
Corsair EX100U,359.99,Portable,USB Type-C 3.2 Gen 2x2,4000,0.09,Black
Seagate One Touch,369.99,Desktop,USB Type-A 3.2 Gen 1,14000,0.026,Black
Crucial X6,114.99,Portable,USB Type-C 3.2 Gen 2,2000,0.057,Black
Seagate One Touch,169.99,Desktop,USB Type-A 3.2 Gen 1,8000,0.021,Black
SanDisk Extreme Portable V2,170.98,Portable,USB Type-C 3.2 Gen 1,2000,0.085,Black / Orange
Western Digital WD_BLACK D10,174.97,Desktop,USB Type-A 3.2 Gen 2,8000,0.022,Black
Apricorn Aegis Padlock DT,679.99,Desktop,USB Type-A 3.2 Gen 1,10000,0.068,Black
Western Digital My Book,179.99,Desktop,USB Type-A 3.2 Gen 1,8000,0.022,Black
Samsung T7 Portable,139.99,Portable,USB Type-C 3.2 Gen 2,2000,0.07,Black
Crucial X9,242.99,Portable,USB Type-C 3.2 Gen 2,4000,0.061,Black
Seagate One Touch,379.99,Desktop,USB Type-A 3.2 Gen 1,16000,0.024,Black
Western Digital ELEMENTS,209.99,Desktop,USB Type-A 3.2 Gen 1,10000,0.021,Black
Western Digital WD_BLACK D10,269.99,Desktop,USB Type-A 3.2 Gen 2,12000,0.022,Black
Seagate Expansion,138.88,Desktop,USB Type-A 3.2 Gen 1,4000,0.035,Unknown
Apricorn Aegis Fortress L3,4999.0,Portable,"USB Type-A 3.2 Gen 1, USB Type-C 3.2 Gen 1",16000,0.312,Black
Crucial X6,74.89,Portable,USB Type-C 3.2 Gen 2,1000,0.075,Black
Crucial X9,76.98,Portable,USB Type-C 3.2 Gen 2,1000,0.077,Black
Samsung T5,0.0,Portable,USB Type-C 3.2 Gen 1,1000,0.0,Unknown
Crucial X6,49.89,Portable,USB Type-C 3.2 Gen 2,500,0.1,Black
Western Digital WD_BLACK P10,120.69,Portable,USB Type-A 3.2 Gen 1,4000,0.03,Black
Western Digital My Book Duo,706.32,Desktop,"USB Type-A 3.2 Gen 1, USB Type-C 3.2 Gen 1",20000,0.035,Black
Western Digital My Book Duo,879.99,Desktop,"USB Type-A 3.2 Gen 1, USB Type-C 3.2 Gen 1",28000,0.031,Black
Seagate One Touch,277.86,Desktop,USB Type-A 3.2 Gen 1,12000,0.023,Black
Seagate One Touch,0.0,Portable,USB Type-A 3.2 Gen 1,5000,0.0,Black
Western Digital My Passport,134.99,Portable,USB Type-A 3.2 Gen 1,5000,0.027,White
Toshiba Canvio Basics,97.0,Portable,USB Type-A 3.2 Gen 1,1000,0.097,Unknown
Kingston XS1000,119.99,Portable,USB Type-C 3.2 Gen 2,2000,0.06,Black
Samsung T7 Portable,194.09,Portable,USB Type-C 3.2 Gen 1,2000,0.097,Black / Silver
SanDisk Professional PRO-Blade Transport,349.99,Portable,USB Type-C 3.2 Gen 2x2,4000,0.087,Black
Seagate Backup Plus Portable,119.0,Portable,USB Type-A 3.2 Gen 1,5000,0.024,Black
Western Digital easystore,289.99,Desktop,"USB Type-A 2.0, USB Type-A 3.2 Gen 1",16000,0.018,Black
Sabrent Rocket Pro,69.98,Portable,USB Type-C 3.2 Gen 2,512,0.137,Silver
Western Digital easystore,159.99,Desktop,"USB Type-A 2.0, USB Type-A 3.2 Gen 1",8000,0.02,Black
Western Digital ELEMENTS,0.0,Portable,USB Type-A 3.2 Gen 1,2000,0.0,Unknown
Silicon Power PC60,0.0,Portable,USB Type-C 3.2 Gen 2,256,0.0,Black
Crucial X8,141.86,Portable,"USB Type-A 3.2 Gen 1, USB Type-C 3.2 Gen 2",2000,0.071,Black
Seagate One Touch,124.99,Portable,USB Type-A 3.2 Gen 1,4000,0.031,Black
Western Digital My Book,269.99,Desktop,USB Type-A 3.2 Gen 2,14000,0.019,Black
Samsung T7 Shield,109.99,Portable,USB Type-C 3.2 Gen 2,1000,0.11,Black
Samsung T7 Portable,0.0,Portable,USB Type-C 3.2 Gen 1,500,0.0,Red / Silver
Western Digital My Book,119.99,Desktop,USB Type-A 3.2 Gen 1,4000,0.03,Black
Western Digital My Book Duo,829.99,Desktop,"USB Type-A 3.2 Gen 1, USB Type-C 3.2 Gen 1",24000,0.035,Black
Seagate Backup Plus Hub,260.23,Desktop,USB Type-A 3.2 Gen 2,8000,0.033,Unknown
Western Digital My Book,154.99,Desktop,USB Type-A 3.2 Gen 1,6000,0.026,Black
Western Digital ELEMENTS,259.99,Desktop,USB Type-A 3.2 Gen 1,12000,0.022,Unknown
Kingston XS2000,357.99,Portable,USB Type-C 3.2 Gen 2x2,4000,0.089,Silver
Western Digital WD_BLACK P50,175.5,Portable,USB Type-C 3.2 Gen 1,1000,0.176,Black / Silver
Seagate Backup Plus,0.0,Portable,USB Type-A 3.2 Gen 1,2000,0.0,Unknown
Apricorn Aegis Fortress,1129.56,Portable,USB Type-A 3.2 Gen 1,4000,0.282,Black
Western Digital â€ŽWDBU6Y0050BBK-WESN,129.99,Portable,USB Type-A 3.2 Gen 1,5000,0.026,Black
Samsung T7 Shield,189.99,Portable,USB Type-C 3.2 Gen 2,2000,0.095,Black
Corsair EX100U,79.98,Portable,USB Type-C 3.2 Gen 2x2,1000,0.08,Black
Kingston XS1000,73.95,Portable,USB Type-C 3.2 Gen 2,1000,0.074,Black
Western Digital Elements Portable,119.11,Portable,USB Type-A 3.2 Gen 1,4000,0.03,Black
Western Digital ELEMENTS,0.0,Portable,USB Type-A 3.2 Gen 1,1000,0.0,Unknown
Sabrent Rocket Nano V2,449.99,Portable,USB Type-C 3.2 Gen 2x2,4000,0.112,Black
Seagate Expansion,209.99,Desktop,USB Type-A 3.2 Gen 1,3000,0.07,Unknown
Seagate Backup Plus,108.77,Portable,USB Type-A 3.2 Gen 1,1000,0.109,Unknown
Apricorn Padlock SSD,1139.99,Portable,USB Type-A 3.2 Gen 1,4000,0.285,Black
Western Digital My Passport Air,200.0,Portable,USB Type-A 3.2 Gen 1,500,0.4,Unknown
Samsung T5,449.99,Portable,USB Type-C 3.2 Gen 1,2000,0.225,Black
Seagate Expansion,0.0,Portable,USB Type-A 3.2 Gen 1,5000,0.0,Black
Crucial X9 Pro,161.99,Portable,USB Type-C 3.2 Gen 2,2000,0.081,Silver
Western Digital easystore,279.99,Desktop,USB Type-A 3.2 Gen 1,12000,0.023,Unknown
Toshiba Canvio Basics 3.0,101.0,Portable,Unknown,2000,0.05,Unknown
Samsung T5,199.0,Portable,USB Type-C 3.2 Gen 1,500,0.398,Unknown
SanDisk G-DRIVE ArmorLock,745.99,Portable,USB Type-C 3.2 Gen 1,4000,0.186,Black / Yellow
Samsung T7 Portable,89.0,Portable,USB Type-C 3.2 Gen 1,1000,0.089,Blue / Silver
Crucial X9 Pro,259.99,Portable,USB Type-C 3.2 Gen 2,4000,0.065,Silver
ADATA DashDrive Durable HD650,60.25,Portable,USB Type-A 3.2 Gen 1,1000,0.06,Unknown
Crucial X10 Pro,99.99,Portable,USB Type-C 3.2 Gen 2x2,1000,0.1,Black
Seagate Backup Plus,249.95,Desktop,USB Type-A 3.2 Gen 1,5000,0.05,Unknown
Seagate One Touch,279.99,Desktop,USB Type-A 3.2 Gen 1,10000,0.028,Black
Seagate Expansion,0.0,Desktop,USB Type-A 3.2 Gen 1,4000,0.0,Unknown
Western Digital My Passport Ultra Portable,149.99,Portable,USB Type-A 3.2 Gen 1,2000,0.075,Unknown
Seagate Backup Plus Hub,699.99,Desktop,USB Type-A 3.2 Gen 1,14000,0.05,Black
Asus FX HDD,0.0,Portable,USB Type-A 3.2 Gen 2,1000,0.0,Black
Seagate Game Drive Xbox GamePass Edition,229.0,Portable,USB Type-A 3.2 Gen 1,4000,0.057,White
Samsung T5 EVO Portable,314.45,Portable,USB Type-C 3.2 Gen 1,4000,0.079,Black
Crucial X6,219.99,Portable,USB Type-C 3.2 Gen 2,4000,0.055,Black
Western Digital ELEMENTS,129.99,Desktop,USB Type-A 3.2 Gen 1,4000,0.032,Unknown
Western Digital My Book,244.99,Desktop,USB Type-A 3.2 Gen 2,12000,0.02,Black
Samsung T9 Portable,239.99,Portable,USB Type-C 3.2 Gen 2x2,2000,0.12,Black
Seagate One Touch,139.99,Desktop,USB Type-A 3.2 Gen 1,4000,0.035,Black
Western Digital My Passport,79.99,Portable,USB Type-A 3.2 Gen 1,2000,0.04,Blue
Western Digital ELEMENTS,0.0,Desktop,USB Type-A 3.2 Gen 1,3000,0.0,Unknown
Seagate Backup Plus Slim,150.0,Portable,USB Type-A 3.2 Gen 1,2000,0.075,Unknown
Toshiba Canvio Desk,0.0,Desktop,USB Type-A 3.2 Gen 1,4000,0.0,Unknown
Apricorn Padlock DT FIPS,989.75,Desktop,USB Type-A 3.2 Gen 1,18000,0.055,Black
Seagate Expansion,0.0,Portable,USB Type-A 3.2 Gen 1,1000,0.0,Unknown
Sabrent ROCKET XTRM,0.0,Portable,Thunderbolt,4000,0.0,Silver
SanDisk Extreme Portable V2,89.99,Portable,USB Type-C 3.2 Gen 1,500,0.18,Black / Orange
Seagate Expansion,0.0,Portable,USB Type-C 3.2 Gen 1,500,0.0,Black
Apricorn Aegis Fortress,0.0,Portable,USB Type-A 3.2 Gen 1,16000,0.0,Black
SanDisk Professional PRO-Blade Transport,229.99,Portable,USB Type-C 3.2 Gen 2x2,2000,0.115,Black
TEAMGROUP PD20M Mag,90.99,Portable,USB Type-C 3.2 Gen 2,2000,0.045,Black
Silicon Power Bolt B75 Pro,74.79,Portable,USB Type-C 3.2 Gen 2,1000,0.075,Black
Kingston XS2000,71.06,Portable,USB Type-C 3.2 Gen 2x2,500,0.142,Silver
Silicon Power Bolt B75 Pro,209.99,Portable,USB Type-C 3.2 Gen 2,4000,0.052,Black
Crucial X9,143.99,Portable,USB Type-C 3.2 Gen 2,2000,0.072,Black
Silicon Power PC60,57.51,Portable,USB Type-C 3.2 Gen 2,512,0.112,Black
Lexar SL660 BLAZE,64.98,Portable,USB Type-C 3.2 Gen 2x2,512,0.127,Black
Kingston XS2000,109.99,Portable,USB Type-C 3.2 Gen 2x2,1000,0.11,Silver
Crucial X10 Pro,174.99,Portable,USB Type-C 3.2 Gen 2x2,2000,0.087,Black
Samsung T9 Portable,134.99,Portable,USB Type-C 3.2 Gen 2x2,1000,0.135,Black
Western Digital My Book Duo,419.99,Desktop,"USB Type-A 3.2 Gen 1, USB Type-C 3.2 Gen 1",4000,0.105,Black
Silicon Power PC60,60.45,Portable,USB Type-C 3.2 Gen 2,240,0.252,Black
Western Digital My Book,194.97,Desktop,USB Type-A 3.2 Gen 1,3000,0.065,Unknown
Western Digital My Passport,149.0,Portable,USB Type-A 3.2 Gen 1,4000,0.037,Black
Buslink DL-4TSDU31G2,450.0,Portable,USB Type-A 3.2 Gen 2,4000,0.113,Black
Western Digital ELEMENTS,0.0,Desktop,USB Type-A 3.2 Gen 1,5000,0.0,Unknown
Toshiba Canvio Desk,129.99,Desktop,USB Type-A 3.2 Gen 1,3000,0.043,Unknown
Western Digital easystore,0.0,Desktop,USB Type-A 3.2 Gen 2,10000,0.0,Black
Seagate Expansion,0.0,Desktop,USB Type-A 3.2 Gen 1,10000,0.0,Black
Apricorn Padlock DT FIPS,1025.9,Desktop,USB Type-A 3.2 Gen 1,20000,0.051,Black
Asus FX HDD,0.0,Portable,USB Type-A 3.2 Gen 2,2000,0.0,Black
Samsung T7 Portable,118.0,Portable,USB Type-C 3.2 Gen 1,500,0.236,Black / Silver
Crucial X8,100.11,Portable,"USB Type-A 3.2 Gen 1, USB Type-C 3.2 Gen 2",1000,0.1,Black
Seagate Barracuda Fast,0.0,Portable,USB Type-C,2000,0.0,Black
Seagate Expansion,0.0,Portable,USB Type-C 3.2 Gen 1,2000,0.0,Black
Sabrent Rocket XTRM-Q,355.0,Portable,USB Type-C 3.2 Gen 2,1000,0.355,Black
Sabrent Rocket XTRM-Q,0.0,Portable,USB Type-C 3.2 Gen 2,8000,0.0,Black
Silicon Power Bolt B75 Pro,0.0,Portable,USB Type-C 3.2 Gen 2,2000,0.0,Black
Corsair EX100U,159.99,Portable,USB Type-C 3.2 Gen 2x2,2000,0.08,Black
Buffalo Technology DriveStation Axis Velocity,79.98,Desktop,USB Type-A 3.2 Gen 1,2000,0.04,Unknown
Samsung T7 Portable,0.0,Portable,USB Type-C 3.2 Gen 2,1000,0.0,Black
Crucial X9 Pro,94.99,Portable,USB Type-C 3.2 Gen 2,1000,0.095,Silver
Western Digital My Book Duo,529.99,Desktop,"USB Type-A 3.2 Gen 1, USB Type-C 3.2 Gen 1",16000,0.033,Black
Seagate One Touch,110.0,Portable,USB Type-A 3.2 Gen 1,2000,0.055,Silver
Seagate STEB6000403,249.95,Desktop,USB Type-A 3.2 Gen 1,6000,0.042,Black
Western Digital ELEMENTS,149.99,Desktop,USB Type-A 3.2 Gen 1,6000,0.025,Black
Western Digital WDBGPU0010BBK-NESN,81.9,Portable,Unknown,1000,0.082,Unknown
Samsung T7 Portable,94.99,Portable,USB Type-C 3.2 Gen 1,500,0.19,Blue / Silver
Samsung T7 Portable,199.99,Portable,USB Type-C 3.2 Gen 1,2000,0.1,Red / Silver
Lexar SL660 BLAZE,109.99,Portable,USB Type-C 3.2 Gen 2x2,1000,0.11,Black
Buffalo Technology DriveStation Combo 4,0.0,Desktop,"IEEE 1394A 6-Pin, IEEE 1394B 9-Pin, eSATA 3.0 Gb/s, USB Type-A 2.0",2000,0.0,Unknown
Western Digital My Book,179.0,Desktop,USB Type-A 3.2 Gen 1,2000,0.089,Unknown
LaCie d2 Quadra,0.0,Desktop,"IEEE 1394B 9-Pin, eSATA 3.0 Gb/s, USB Type-A 3.2 Gen 1",5000,0.0,Unknown
Toshiba Canvio Desk,0.0,Desktop,USB Type-A 3.2 Gen 1,5000,0.0,Unknown
Seagate Expansion,0.0,Desktop,USB Type-A 3.2 Gen 1,2000,0.0,Unknown
Apricorn ASSD-3PL256-120F,0.0,Desktop,USB Type-A 2.0,120,0.0,Unknown
Seagate Expansion,199.99,Desktop,USB Type-A 3.2 Gen 1,8000,0.025,Unknown
Western Digital easystore,0.0,Desktop,USB Type-A 3.2 Gen 1,4000,0.0,Black
Seagate Expansion,549.99,Desktop,USB Type-A 3.2 Gen 1,16000,0.034,Black
Seagate Expansion,0.0,Desktop,USB Type-A 3.2 Gen 1,14000,0.0,Black
Apricorn Padlock DT FIPS,783.99,Desktop,USB Type-A 3.2 Gen 1,12000,0.065,Black
Western Digital My Passport Studio,0.0,Portable,"IEEE 1394B 9-Pin, USB Type-A 2.0",1000,0.0,Unknown
Western Digital ELEMENTS,0.0,Portable,USB Type-A 3.2 Gen 1,1500,0.0,Unknown
Toshiba Canvio Connect,0.0,Portable,USB Type-A 3.2 Gen 1,750,0.0,Unknown
Lenovo ThinkPad,395.0,Portable,USB Type-A 3.2 Gen 1,1000,0.395,Unknown
Samsung T7 Portable,119.99,Portable,USB Type-C 3.2 Gen 1,1000,0.12,Red / Silver
Seagate Backup Plus Portable,0.0,Portable,USB Type-A 3.2 Gen 1,5000,0.0,Black
Western Digital My Passport,69.98,Portable,USB Type-A 3.2 Gen 1,1000,0.07,Blue
Western Digital My Passport,67.99,Portable,USB Type-A 3.2 Gen 1,1000,0.068,White
Western Digital My Passport,124.99,Portable,USB Type-A 3.2 Gen 1,4000,0.031,Red
Samsung T7 Shield,189.99,Portable,USB Type-C 3.2 Gen 2,2000,0.095,Blue
Seagate One Touch,189.99,Portable,"USB Type-A 3.2 Gen 2, USB Type-C 3.2 Gen 2",2000,0.095,Black
Seagate One Touch,69.99,Portable,"USB Type-A 3.2 Gen 2, USB Type-C 3.2 Gen 2",500,0.14,Black
Toshiba Canvio Connect II,120.5,Portable,USB Type-A 3.2 Gen 1,1000,0.121,Black
Seagate Expansion,192.73,Portable,USB Type-C 3.2 Gen 1,1000,0.193,Black
Apricorn Aegis Padlock 3.0,4949.0,Portable,USB Type-A 3.2 Gen 1,16000,0.309,Black
Lexar SL200,109.99,Portable,USB Type-C 3.2 Gen 1,2000,0.055,Black
Lexar SL200,67.99,Portable,USB Type-C 3.2 Gen 1,1000,0.068,Black
LaCie Rugged,109.0,Portable,"Thunderbolt, USB Type-A 3.2 Gen 1",256,0.426,Unknown
Kingston XS2000,179.99,Portable,USB Type-C 3.2 Gen 2x2,2000,0.09,Silver
Sabrent Rocket Nano Rugged,99.99,Portable,USB Type-C 3.2 Gen 2,1000,0.1,Silver
SanDisk Extreme 900,89.99,Portable,USB Type-A 3.2 Gen 2,960,0.094,Unknown
Transcend StoreJet,90.45,Portable,USB Type-A 3.2 Gen 1,2000,0.045,Unknown
Western Digital My Passport,79.99,Portable,USB Type-A 3.2 Gen 1,2000,0.04,White
Lexar SL200,61.41,Portable,USB Type-C 3.2 Gen 1,512,0.12,Black
Samsung T7 Shield,109.99,Portable,USB Type-C 3.2 Gen 2,1000,0.11,Beige
Verbatim Vx460,0.0,Portable,USB Type-A 3.2 Gen 1,256,0.0,Black
Sabrent Rocket Pro,0.0,Portable,USB Type-C 3.2 Gen 2,256,0.0,Silver
Lexar Professional SL600,104.99,Portable,USB Type-C 3.2 Gen 2x2,1000,0.105,Black
ADATA DashDrive Durable HD650,68.09,Portable,USB Type-A 3.2 Gen 1,1000,0.068,Unknown
Transcend StoreJet,59.99,Portable,USB Type-A 3.2 Gen 1,1000,0.06,Unknown
KIOXIA EXCERIA PLUS,228.95,Portable,USB Type-C 3.2 Gen 2,2000,0.114,Gray
Sabrent Rocket Nano V2,119.99,Portable,USB Type-C 3.2 Gen 2x2,1000,0.12,Black
Apricorn Aegis Fortress L3,2799.0,Portable,"USB Type-A 3.2 Gen 1, USB Type-C 3.2 Gen 1",8000,0.35,Black
Buffalo Technology DriveStation Axis Velocity,0.0,Desktop,USB Type-A 3.2 Gen 1,3000,0.0,Unknown
LaCie d2 Quadra,0.0,Desktop,"IEEE 1394B 9-Pin, eSATA 3.0 Gb/s, USB Type-A 3.2 Gen 1",2000,0.0,Unknown
Western Digital My Book Essential,0.0,Desktop,USB Type-A 3.2 Gen 1,1000,0.0,Unknown
LaCie 4big Quadra,0.0,Desktop,"IEEE 1394B 9-Pin, USB Type-A 3.2 Gen 1",12000,0.0,Unknown
LaCie d2,0.0,Desktop,"Thunderbolt, USB Type-A 3.2 Gen 1",5000,0.0,Unknown
Samsung D3 Station,0.0,Desktop,USB Type-A 3.2 Gen 1,2000,0.0,Unknown
Seagate FreeAgent GoFlex Desk,0.0,Desktop,USB Type-A 2.0,1000,0.0,Unknown
Seagate Backup Plus,245.0,Desktop,USB Type-A 3.2 Gen 1,2000,0.122,Unknown
Seagate Backup Plus,278.49,Desktop,USB Type-A 3.2 Gen 1,4000,0.07,Unknown
Seagate Backup Plus,0.0,Desktop,USB Type-A 3.2 Gen 1,8000,0.0,Unknown
G-Technology G-DRIVE,0.0,Desktop,"IEEE 1394B 9-Pin, eSATA 6.0 Gb/s, USB Type-A 3.2 Gen 1",2000,0.0,Unknown
G-Technology G-DRIVE,0.0,Desktop,"IEEE 1394B 9-Pin, eSATA 6.0 Gb/s, USB Type-A 3.2 Gen 1",4000,0.0,Unknown
Seagate Backup Plus Hub,0.0,Desktop,USB Type-A 3.2 Gen 1,10000,0.0,Black
Western Digital My Book Duo,618.49,Desktop,"USB Type-A 3.2 Gen 1, USB Type-C 3.2 Gen 1",6000,0.103,Black
Western Digital My Book Duo,0.0,Desktop,"USB Type-A 3.2 Gen 1, USB Type-C 3.2 Gen 1",12000,0.0,Black
Western Digital easystore,0.0,Desktop,USB Type-A 3.2 Gen 1,14000,0.0,Unknown
Seagate One Touch,161.38,Desktop,USB Type-A 3.2 Gen 1,6000,0.027,Black
Apricorn Padlock DT FIPS,885.51,Desktop,USB Type-A 3.2 Gen 1,16000,0.055,Black
Apricorn Aegis Padlock DT,475.59,Desktop,USB Type-A 3.2 Gen 1,8000,0.059,Black
Apricorn Aegis Padlock DT,752.53,Desktop,USB Type-A 3.2 Gen 1,12000,0.063,Black
Apricorn Aegis Padlock DT,1079.0,Desktop,USB Type-A 3.2 Gen 1,18000,0.06,Black
Apricorn Aegis Padlock DT,1279.0,Desktop,USB Type-A 3.2 Gen 1,22000,0.058,Black
LaCie Porsche Design,0.0,Portable,USB Type-A 3.2 Gen 1,1000,0.0,Unknown
Western Digital ELEMENTS,0.0,Portable,USB Type-A 3.2 Gen 1,500,0.0,Unknown
Western Digital My Passport,0.0,Portable,USB Type-A 3.2 Gen 1,2000,0.0,Unknown
Verbatim Freecom,0.0,Portable,USB Type-A 3.2 Gen 1,1000,0.0,Unknown
Seagate Backup Plus Slim,188.83,Portable,USB Type-A 3.2 Gen 1,2000,0.094,Unknown
Seagate Backup Plus Slim,0.0,Portable,USB Type-A 3.2 Gen 1,2000,0.0,Unknown
Hitachi HGST Touro Mobile,0.0,Portable,USB Type-A 3.2 Gen 1,1000,0.0,Unknown
Toshiba Canvio Connect,75.0,Portable,USB Type-A 3.2 Gen 1,500,0.15,Unknown
ADATA AHV620-2TU3-CBK,159.66,Portable,USB Type-A 3.2 Gen 1,2000,0.08,Unknown
Toshiba Canvio Connect,0.0,Portable,USB Type-A 3.2 Gen 1,500,0.0,Unknown
Toshiba Canvio Connect,0.0,Portable,USB Type-A 3.2 Gen 1,500,0.0,Unknown
Toshiba Canvio Connect,0.0,Portable,USB Type-A 3.2 Gen 1,2000,0.0,Unknown
Toshiba Canvio Slim II,105.0,Portable,USB Type-A 3.2 Gen 1,1000,0.105,Unknown
Toshiba Canvio Slim II,106.0,Portable,Unknown,1000,0.106,Unknown
Lenovo ThinkPad,0.0,Portable,USB Type-A 3.2 Gen 1,750,0.0,Unknown
Samsung T1,0.0,Portable,USB Type-A 3.2 Gen 1,1000,0.0,Unknown
ADATA SE730,0.0,Portable,USB Type-C 3.2 Gen 1,250,0.0,Unknown
Freecom Mobile Drive Classic 3.0,0.0,Portable,USB Type-A 3.2 Gen 1,1000,0.0,Black
Samsung T5,189.99,Portable,USB Type-C 3.2 Gen 1,250,0.76,Blue
Seagate Backup Plus Ultra Touch,0.0,Portable,USB Type-A 3.2 Gen 1,1000,0.0,Black
Samsung T7 Portable,169.99,Portable,USB Type-C 3.2 Gen 1,2000,0.085,Blue / Silver
Western Digital My Passport,109.99,Portable,USB Type-A 3.2 Gen 1,4000,0.027,White
Western Digital My Passport,134.99,Portable,USB Type-A 3.2 Gen 1,5000,0.027,Blue
Western Digital My Passport Ultra,0.0,Portable,USB Type-A 3.2 Gen 2,3000,0.0,White
Samsung T7 Portable,149.0,Portable,USB Type-C 3.2 Gen 2,500,0.298,Silver
Samsung T7 Portable,389.99,Portable,USB Type-C 3.2 Gen 2,2000,0.195,Silver
Samsung T7 Portable,0.0,Portable,USB Type-C 3.2 Gen 2,1000,0.0,Silver
Samsung T5 Portable,0.0,Portable,USB Type-C 3.2 Gen 2,1000,0.0,Gold
Samsung T3 Portable,119.0,Portable,USB Type-C 3.2 Gen 1,250,0.476,Unknown
Seagate One Touch,214.0,Portable,"USB Type-A 3.2 Gen 2, USB Type-C 3.2 Gen 2",2000,0.107,Blue
Seagate One Touch,159.99,Portable,"USB Type-A 3.2 Gen 2, USB Type-C 3.2 Gen 2",2000,0.08,Silver
Seagate One Touch,189.0,Portable,USB Type-A 3.2 Gen 1,5000,0.038,Silver
Seagate One Touch,189.0,Portable,USB Type-A 3.2 Gen 1,5000,0.038,Red
Western Digital My Passport For Mac,0.0,Portable,"USB Type-A 3.2 Gen 1, USB Type-C 3.2 Gen 1",1000,0.0,Black
Verbatim Vx460,0.0,Portable,USB Type-A 3.2 Gen 1,512,0.0,Black
Seagate Barracuda Fast,0.0,Portable,USB Type-C,500,0.0,Black
Seagate Barracuda Fast,0.0,Portable,USB Type-C,1000,0.0,Black
Sabrent Rocket Nano V2,199.99,Portable,USB Type-C 3.2 Gen 2x2,2000,0.1,Black
Apricorn Aegis Fortress L3,429.34,Portable,"USB Type-A 3.2 Gen 1, USB Type-C 3.2 Gen 1",5000,0.086,Black
Apricorn Aegis Fortress L3,0.0,Portable,"USB Type-A 3.2 Gen 1, USB Type-C 3.2 Gen 1",512,0.0,Black
Apricorn Aegis Fortress L3,712.14,Portable,"USB Type-A 3.2 Gen 1, USB Type-C 3.2 Gen 1",2000,0.356,Black
Apricorn Aegis Padlock 3.0,2662.5,Portable,USB Type-A 3.2 Gen 1,8000,0.333,Black
Sabrent Rocket Nano,109.99,Portable,USB Type-C 3.2 Gen 2,512,0.215,Pink
Sabrent Rocket Nano,0.0,Portable,USB Type-C 3.2 Gen 2,1000,0.0,Black
Sabrent Rocket Nano,101.5,Portable,USB Type-C 3.2 Gen 2,1000,0.102,Pink
Sabrent Rocket Nano,229.99,Portable,USB Type-C 3.2 Gen 2,2000,0.115,Silver
Sabrent Rocket Nano,178.3,Portable,USB Type-C 3.2 Gen 2,2000,0.089,Pink
Sabrent Rocket XTRM-Q,870.74,Portable,USB Type-C 3.2 Gen 2,4000,0.218,Black
Lexar SL100 Pro,0.0,Portable,USB Type-C 3.2 Gen 1,1000,0.0,Black
TEAMGROUP T-Create CinemaPr P31,0.0,Portable,USB Type-C 3.2 Gen 2x2,4000,0.0,Gray
Samsung T5 EVO Portable,159.99,Portable,USB Type-C 3.2 Gen 1,2000,0.08,Black
SanDisk Professional PRO-Blade Transport,159.99,Portable,USB Type-C 3.2 Gen 2x2,1000,0.16,Black
Western Digital My Passport,79.99,Portable,USB Type-A 3.2 Gen 1,2000,0.04,Red
Western Digital My Passport,124.0,Portable,USB Type-A 3.2 Gen 1,5000,0.025,Red
Western Digital easystore,228.88,Desktop,USB Type-A 3.2 Gen 1,8000,0.029,Unknown
Silicon Power PC60,0.0,Portable,USB Type-C 3.2 Gen 2,2000,0.0,Black
Apricorn Aegis Padlock DT,182.43,Desktop,USB Type-A 3.2 Gen 1,2000,0.091,Black
Seagate Backup Plus Ultra Touch,0.0,Portable,USB Type-A 3.2 Gen 1,2000,0.0,Black
Lexar SL100 Pro,129.99,Portable,USB Type-C 3.2 Gen 1,500,0.26,Black
Western Digital My Book,229.99,Desktop,USB Type-A 3.2 Gen 1,6000,0.038,Unknown
Western Digital SanDisk Desk Drive,379.99,Desktop,USB Type-C 3.2 Gen 2,4000,0.095,Black
Western Digital My Passport,124.99,Portable,USB Type-A 3.2 Gen 1,4000,0.031,Blue
Samsung T7 Shield,109.99,Portable,USB Type-C 3.2 Gen 2,1000,0.11,Blue
Samsung T7 Shield,189.99,Portable,USB Type-C 3.2 Gen 2,2000,0.095,Beige
Seagate One Touch,0.0,Portable,USB Type-A 3.2 Gen 1,2000,0.0,Unknown
Seagate One Touch,149.0,Portable,USB Type-A 3.2 Gen 1,4000,0.037,Silver
Seagate One Touch,149.99,Portable,USB Type-A 3.2 Gen 1,4000,0.037,Blue
KIOXIA EXCERIA PLUS,0.0,Portable,USB Type-C 3.2 Gen 2,1000,0.0,Gray
KIOXIA EXCERIA PLUS,81.15,Portable,USB Type-C 3.2 Gen 2,500,0.162,Gray
LaCie Rugged Mini,99.99,Portable,USB Type-A 3.2 Gen 1,2000,0.05,Orange / Silver
Silicon Power PC60,0.0,Portable,USB Type-C 3.2 Gen 2,480,0.0,Black
Silicon Power Bolt B75,59.52,Portable,USB Type-C 3.2 Gen 1,480,0.124,Silver
VisionTek 901195,102.25,Portable,USB Type-C,512,0.2,Black
Apricorn Aegis Fortress L3,1198.92,Portable,"USB Type-A 3.2 Gen 1, USB Type-C 3.2 Gen 1",4000,0.3,Black
Apricorn Aegis Padlock 3.0,177.99,Portable,USB Type-A 3.2 Gen 1,256,0.695,Black
Sabrent Rocket Nano,0.0,Portable,USB Type-C 3.2 Gen 2,1000,0.0,Silver
Sabrent Rocket Nano,131.37,Portable,USB Type-C 3.2 Gen 2,1000,0.131,Gold
Sabrent Rocket Nano Rugged,149.99,Portable,USB Type-C 3.2 Gen 2,2000,0.075,Silver
Buffalo Technology DriveStation Axis,0.0,Desktop,USB Type-A 3.2 Gen 1,1000,0.0,Unknown
Buffalo Technology DriveStation,0.0,Desktop,USB Type-A 3.2 Gen 1,2000,0.0,Unknown
Buffalo Technology DriveStation,0.0,Desktop,"IEEE 1394A 6-Pin, IEEE 1394B 9-Pin, eSATA 3.0 Gb/s, USB Type-A 2.0",1000,0.0,Unknown
Buffalo Technology DriveStation,0.0,Desktop,USB Type-A 3.2 Gen 1,3000,0.0,Unknown
Buffalo Technology DriveStation,0.0,Desktop,USB Type-A 3.2 Gen 1,4000,0.0,Unknown
Buffalo Technology DriveStation Axis Velocity,0.0,Desktop,USB Type-A 3.2 Gen 1,1000,0.0,Unknown
Buffalo Technology DriveStation Duo,0.0,Desktop,USB Type-A 3.2 Gen 1,2000,0.0,Unknown
Buffalo Technology DriveStation Duo,0.0,Desktop,USB Type-A 3.2 Gen 1,4000,0.0,Unknown
Buffalo Technology DriveStation Duo,0.0,Desktop,USB Type-A 3.2 Gen 1,6000,0.0,Unknown
Buffalo Technology DriveStation Duo,0.0,Desktop,USB Type-A 3.2 Gen 1,8000,0.0,Unknown
Buffalo Technology DriveStation,0.0,Desktop,Thunderbolt,1000,0.0,Unknown
Buffalo Technology DriveStation,0.0,Desktop,Thunderbolt,256,0.0,Unknown
Buffalo Technology DriveStation,0.0,Desktop,Thunderbolt,512,0.0,Unknown
LaCie d2 Quadra,0.0,Desktop,"IEEE 1394B 9-Pin, eSATA 3.0 Gb/s, USB Type-A 3.2 Gen 1",3000,0.0,Unknown
LaCie Minimus,0.0,Desktop,USB Type-A 3.2 Gen 1,2000,0.0,Unknown
LaCie Blade Runner,0.0,Desktop,USB Type-A 3.2 Gen 1,4000,0.0,Unknown
Western Digital My Book Studio,0.0,Desktop,"IEEE 1394B 9-Pin, USB Type-A 2.0",2000,0.0,Unknown
Western Digital My Book Studio,0.0,Desktop,"IEEE 1394B 9-Pin, USB Type-A 2.0",3000,0.0,Unknown
Western Digital My Book,0.0,Desktop,USB Type-A 3.2 Gen 1,3000,0.0,Unknown
Western Digital My Book,179.99,Desktop,USB Type-A 3.2 Gen 1,4000,0.045,Unknown
Western Digital My Book Studio,0.0,Desktop,USB Type-A 3.2 Gen 1,4000,0.0,Unknown
Western Digital My Book Thunderbolt Duo,0.0,Desktop,Thunderbolt,4000,0.0,Unknown
Western Digital ELEMENTS,0.0,Desktop,USB Type-A 3.2 Gen 1,2000,0.0,Unknown
Western Digital My Book for Mac,0.0,Desktop,USB Type-A 3.2 Gen 1,2000,0.0,Unknown
Western Digital My Book for Mac,0.0,Desktop,USB Type-A 3.2 Gen 1,3000,0.0,Unknown
LaCie d2,0.0,Desktop,"Thunderbolt, USB Type-A 3.2 Gen 1",4000,0.0,Unknown
LaCie 2big Quadra,0.0,Desktop,"IEEE 1394B 9-Pin, USB Type-A 3.2 Gen 1",4000,0.0,Unknown
LaCie 4big Quadra,0.0,Desktop,"IEEE 1394B 9-Pin, USB Type-A 3.2 Gen 1",16000,0.0,Unknown
LaCie Little Big Disk,0.0,Desktop,Thunderbolt,1000,0.0,Unknown
LaCie d2,0.0,Desktop,"Thunderbolt, USB Type-A 3.2 Gen 1",3000,0.0,Unknown
LaCie 2big Quadra,0.0,Desktop,"IEEE 1394B 9-Pin, USB Type-A 3.2 Gen 1",6000,0.0,Unknown
LaCie Porsche Design,0.0,Desktop,USB Type-A 3.2 Gen 1,4000,0.0,Unknown
LaCie 5big,0.0,Desktop,Thunderbolt,25000,0.0,Unknown
LaCie d2,0.0,Desktop,"Thunderbolt, USB Type-A 3.2 Gen 1",6000,0.0,Unknown
LaCie Minimus,0.0,Desktop,USB Type-A 3.2 Gen 1,3000,0.0,Unknown
LaCie 4big Quadra,0.0,Desktop,"IEEE 1394B 9-Pin, USB Type-A 3.2 Gen 1",8000,0.0,Unknown
LaCie 2big,0.0,Desktop,Thunderbolt,10000,0.0,Unknown
LaCie d2,0.0,Desktop,"Thunderbolt, USB Type-A 3.2 Gen 1",3000,0.0,Unknown
LaCie d2,0.0,Desktop,"Thunderbolt, USB Type-A 3.2 Gen 1",4000,0.0,Unknown
Samsung D3 Station,0.0,Desktop,USB Type-A 3.2 Gen 1,3000,0.0,Unknown
Samsung D3 Station,0.0,Desktop,Unknown,4000,0.0,Unknown
Samsung D3 Station,0.0,Desktop,USB Type-A 3.2 Gen 1,2000,0.0,Unknown
Samsung D3 Station,0.0,Desktop,USB Type-A 3.2 Gen 1,3000,0.0,Unknown
Samsung D3 Station,0.0,Desktop,USB Type-A 3.2 Gen 1,4000,0.0,Unknown
Samsung D3 Station,0.0,Desktop,USB Type-A 3.2 Gen 1,5000,0.0,Unknown
Samsung D3 Station,0.0,Desktop,USB Type-A 3.2 Gen 1,6000,0.0,Unknown
Seagate Expansion,0.0,Desktop,USB Type-A 3.2 Gen 1,5000,0.0,Unknown
Seagate Backup Plus,160.0,Desktop,USB Type-A 3.2 Gen 1,3000,0.053,Unknown
Seagate Backup Plus,249.95,Desktop,USB Type-A 3.2 Gen 1,6000,0.042,Unknown
Seagate Backup Plus,0.0,Desktop,USB Type-A 3.2 Gen 1,3000,0.0,Unknown
Hitachi HGST Touro Desk,0.0,Desktop,USB Type-A 3.2 Gen 1,4000,0.0,Unknown
Hitachi HGST Touro Desk Pro,0.0,Desktop,USB Type-A 3.2 Gen 1,4000,0.0,Unknown
Apricorn Aegis Padlock DT,0.0,Desktop,USB Type-A 3.2 Gen 1,2000,0.0,Unknown
Apricorn Aegis Padlock DT,0.0,Desktop,USB Type-A 3.2 Gen 1,1000,0.0,Unknown
Axiom USB3HD35S1TB-AX,0.0,Desktop,USB Type-A 3.2 Gen 1,1000,0.0,Unknown
Axiom USB3HD35S250-AX,0.0,Desktop,Unknown,250,0.0,Unknown
Axiom USB3HD35S2TB-AX,0.0,Desktop,USB Type-A 3.2 Gen 1,2000,0.0,Unknown
Axiom USB3HD35S3TB-AX,0.0,Desktop,USB Type-A 3.2 Gen 1,3000,0.0,Unknown
Axiom USB3HD35S500-AX,0.0,Desktop,Unknown,500,0.0,Unknown
Buslink CRF-2T-U2,0.0,Desktop,USB Type-A 2.0,2000,0.0,Unknown
Buslink CSC-1T-U2,0.0,Desktop,USB Type-A 2.0,1000,0.0,Unknown
Buslink CSC-2T-U3,0.0,Desktop,USB Type-A 3.2 Gen 1,2000,0.0,Unknown
Apricorn Aegis Padlock DT,0.0,Desktop,USB Type-A 3.2 Gen 1,1000,0.0,Unknown
Imation Apollo Pro UX,0.0,Desktop,USB Type-A 2.0,1000,0.0,Unknown
Transcend StoreJet 35T3,0.0,Desktop,USB Type-A 3.2 Gen 1,3000,0.0,Unknown
Transcend StoreJet 35T3,0.0,Desktop,USB Type-A 3.2 Gen 1,2000,0.0,Unknown
Toshiba Canvio Desk,0.0,Desktop,USB Type-A 3.2 Gen 1,2000,0.0,Unknown
LaCie Porsche Design,0.0,Desktop,USB Type-A 3.2 Gen 1,8000,0.0,Unknown
Seagate Expansion,0.0,Desktop,USB Type-A 3.2 Gen 1,5000,0.0,Unknown
Buslink CipherShield,0.0,Desktop,USB Type-A 3.2 Gen 1,6000,0.0,Unknown
Edge Tech EDGDG-236236-PE,0.0,Desktop,USB Type-A 3.2 Gen 1,4000,0.0,Unknown
G-Technology G-DRIVE,0.0,Desktop,"IEEE 1394B 9-Pin, eSATA 6.0 Gb/s, USB Type-A 3.2 Gen 1",3000,0.0,Unknown
Western Digital My Book,0.0,Desktop,USB Type-A 3.2 Gen 1,3000,0.0,Black
Western Digital My Book Duo,998.0,Desktop,"USB Type-A 3.2 Gen 1, USB Type-C 3.2 Gen 1",8000,0.125,Black
Verbatim 99399,0.0,Desktop,USB Type-A 3.2 Gen 1,4000,0.0,Black
Western Digital My Book,0.0,Desktop,USB Type-A 3.2 Gen 1,10000,0.0,Black
LaCie Porsche Design,0.0,Desktop,USB Type-A 3.2 Gen 1,1000,0.0,Silver
LaCie Porsche Design,0.0,Desktop,USB Type-A 3.2 Gen 1,2000,0.0,Silver
Western Digital easystore,0.0,Desktop,"USB Type-A 2.0, USB Type-A 3.2 Gen 1",12000,0.0,Black
Seagate Backup Plus,299.59,Desktop,USB Type-A 3.2 Gen 1,4000,0.075,Black
Koss Kanguru Ultra,0.0,Desktop,USB Type-C,2000,0.0,Black
Apricorn Padlock DT FIPS,204.94,Desktop,USB Type-A 3.2 Gen 1,2000,0.102,Black
Apricorn Padlock DT FIPS,327.99,Desktop,USB Type-A 3.2 Gen 1,4000,0.082,Black
Apricorn Padlock DT FIPS,473.42,Desktop,USB Type-A 3.2 Gen 1,6000,0.079,Black
Apricorn Padlock DT FIPS,629.0,Desktop,USB Type-A 3.2 Gen 1,8000,0.079,Black
Apricorn Aegis Padlock DT,314.36,Desktop,USB Type-A 3.2 Gen 1,4000,0.079,Black
Apricorn Aegis Padlock DT,437.99,Desktop,USB Type-A 3.2 Gen 1,6000,0.073,Black
Apricorn Aegis Padlock DT,906.85,Desktop,USB Type-A 3.2 Gen 1,16000,0.057,Black
Apricorn Aegis Padlock DT,1179.0,Desktop,USB Type-A 3.2 Gen 1,20000,0.059,Black
Western Digital SanDisk Desk Drive,0.0,Desktop,USB Type-C 3.2 Gen 2,8000,0.0,Black
ADATA DashDrive,0.0,Portable,USB Type-A 3.2 Gen 1,1000,0.0,Unknown
Buffalo Technology MiniStation,0.0,Portable,USB Type-A 3.2 Gen 1,1000,0.0,Unknown
Buffalo Technology MiniStation,0.0,Portable,USB Type-A 3.2 Gen 1,2000,0.0,Unknown
Buffalo Technology MiniStation,0.0,Portable,USB Type-A 3.2 Gen 1,500,0.0,Unknown
Buffalo Technology MiniStation Extreme,0.0,Portable,USB Type-A 3.2 Gen 1,1000,0.0,Unknown
Buffalo Technology MiniStation Extreme,0.0,Portable,USB Type-A 3.2 Gen 1,1000,0.0,Unknown
Buffalo Technology MiniStation Extreme,0.0,Portable,USB Type-A 3.2 Gen 1,1000,0.0,Unknown
Buffalo Technology MiniStation Extreme,0.0,Portable,USB Type-A 3.2 Gen 1,500,0.0,Unknown
Buffalo Technology MiniStation Extreme,0.0,Portable,USB Type-A 3.2 Gen 1,500,0.0,Unknown
Buffalo Technology MiniStation Extreme,0.0,Portable,USB Type-A 3.2 Gen 1,500,0.0,Unknown
LaCie Rugged Mini,0.0,Portable,USB Type-A 3.2 Gen 1,500,0.0,Unknown
LaCie Rugged Mini,0.0,Portable,USB Type-A 3.2 Gen 1,500,0.0,Unknown
LaCie Rugged Mini,79.99,Portable,USB Type-A 3.2 Gen 1,1000,0.08,Unknown
LaCie Rikiki,0.0,Portable,USB Type-A 3.2 Gen 1,500,0.0,Unknown
LaCie Rugged,0.0,Portable,"IEEE 1394B 9-Pin, USB Type-A 3.2 Gen 1",500,0.0,Unknown
LaCie Rugged,0.0,Portable,"IEEE 1394B 9-Pin, USB Type-A 3.2 Gen 1",500,0.0,Unknown
LaCie Rugged,0.0,Portable,"IEEE 1394B 9-Pin, USB Type-A 3.2 Gen 1",1000,0.0,Unknown
LaCie Porsche Design,0.0,Portable,USB Type-A 3.2 Gen 1,500,0.0,Unknown
Western Digital My Passport Slim,0.0,Portable,USB Type-A 3.2 Gen 1,1000,0.0,Unknown
Western Digital My Passport Studio,0.0,Portable,"IEEE 1394B 9-Pin, USB Type-A 2.0",2000,0.0,Unknown
Western Digital My Passport Air,0.0,Portable,USB Type-A 3.2 Gen 1,1000,0.0,Unknown
LaCie Rugged Mini,0.0,Portable,USB Type-A 3.2 Gen 1,1500,0.0,Unknown
LaCie Rugged,0.0,Portable,"Thunderbolt, USB Type-A 3.2 Gen 1",120,0.0,Unknown
LaCie Rugged,0.0,Portable,"Thunderbolt, USB Type-A 3.2 Gen 1",1000,0.0,Unknown
LaCie Rugged,0.0,Portable,"Thunderbolt, USB Type-A 3.2 Gen 1",2000,0.0,Unknown
LaCie Little Big Disk,0.0,Portable,Thunderbolt,512,0.0,Unknown
LaCie Porsche Design,0.0,Portable,USB Type-A 3.2 Gen 1,120,0.0,Unknown
LaCie Porsche Design,0.0,Portable,Unknown,250,0.0,Unknown
Verbatim Store 'n' Go,0.0,Portable,USB Type-A 3.2 Gen 1,128,0.0,Unknown
Verbatim Store 'n' Go,0.0,Portable,USB Type-A 3.2 Gen 1,256,0.0,Unknown
Verbatim Titan XS,122.99,Portable,Unknown,1000,0.123,Unknown
Verbatim Freecom,0.0,Portable,USB Type-A 3.2 Gen 1,1000,0.0,Unknown
Verbatim 97805,0.0,Portable,USB Type-A 3.2 Gen 1,500,0.0,Unknown
Verbatim 97806,0.0,Portable,USB Type-A 3.2 Gen 1,1000,0.0,Unknown
Samsung P3,0.0,Portable,USB Type-A 3.2 Gen 1,500,0.0,Unknown
Samsung P3,0.0,Portable,USB Type-A 3.2 Gen 1,1000,0.0,Unknown
Samsung P3 Portable,0.0,Portable,USB Type-A 3.2 Gen 1,2000,0.0,Unknown
Samsung MU-PS250B/AM,0.0,Portable,USB Type-A 3.2 Gen 1,250,0.0,Unknown
Samsung MU-PS500B/AM,0.0,Portable,USB Type-A 3.2 Gen 1,500,0.0,Unknown
Seagate GoFlex for Mac,0.0,Portable,Thunderbolt,1000,0.0,Unknown
Seagate Backup Plus,0.0,Portable,USB Type-A 3.2 Gen 1,1000,0.0,Unknown
Seagate Backup Plus Slim,0.0,Portable,USB Type-A 3.2 Gen 1,2000,0.0,Unknown
Seagate Backup Plus Slim,0.0,Portable,USB Type-A 3.2 Gen 1,2000,0.0,Unknown
Hitachi GST Touro Mobile Pro,0.0,Portable,USB Type-A 3.2 Gen 1,500,0.0,Unknown
Hitachi HGST Touro Mobile,0.0,Portable,USB Type-A 3.2 Gen 1,500,0.0,Unknown
Hitachi HGST Touro Mobile Pro,0.0,Portable,USB Type-A 3.2 Gen 1,1000,0.0,Unknown
HP HPHDD2E30500AS1-RBU,0.0,Portable,USB Type-A 3.2 Gen 1,500,0.0,Unknown
Toshiba Canvio Basics 3.0,0.0,Portable,USB Type-A 3.2 Gen 1,2000,0.0,Unknown
ADATA CH11,0.0,Portable,USB Type-A 3.2 Gen 1,500,0.0,Unknown
ADATA AHV620-500GU3-CBK,0.0,Portable,USB Type-A 3.2 Gen 1,500,0.0,Unknown
ADATA DashDrive SE720,0.0,Portable,USB Type-A 3.2 Gen 1,128,0.0,Unknown
ADATA SH14,0.0,Portable,USB Type-A 3.2 Gen 1,1000,0.0,Unknown
Apricorn Aegis Bio,0.0,Portable,USB Type-A 3.2 Gen 1,1000,0.0,Unknown
Apricorn Aegis Bio 3.0,0.0,Portable,USB Type-A 3.2 Gen 1,512,0.0,Unknown
Apricorn Aegis Padlock,0.0,Portable,USB Type-A 3.2 Gen 1,1000,0.0,Unknown
Apricorn Aegis Padlock,0.0,Portable,USB Type-A 3.2 Gen 1,500,0.0,Unknown
Apricorn Aegis Padlock Fortress,222.84,Portable,USB Type-A 3.2 Gen 1,1000,0.223,Unknown
Apricorn Aegis Padlock Fortress,0.0,Portable,USB Type-A 3.2 Gen 1,500,0.0,Unknown
Apricorn Aegis Padlock 3.0,153.88,Portable,USB Type-A 3.2 Gen 1,500,0.308,Black
Apricorn Aegis Padlock Fortress,168.45,Portable,USB Type-A 3.2 Gen 1,500,0.337,Unknown
Apricorn Aegis Padlock,461.0,Portable,USB Type-A 3.2 Gen 1,128,3.602,Unknown
Apricorn Aegis Portable 3.0,0.0,Portable,USB Type-A 3.2 Gen 1,1000,0.0,Unknown
Apricorn Aegis Portable 3.0,0.0,Portable,USB Type-A 3.2 Gen 1,500,0.0,Unknown
Apricorn Aegis Padlock,0.0,Portable,USB Type-A 2.0,1000,0.0,Unknown
Apricorn Aegis Padlock,0.0,Portable,USB Type-A 2.0,1000,0.0,Unknown
Apricorn Aegis Padlock,0.0,Portable,USB Type-A 2.0,320,0.0,Unknown
Apricorn Aegis Padlock,0.0,Portable,Unknown,500,0.0,Unknown
Apricorn Aegis Padlock,0.0,Portable,"eSATA 3.0 Gb/s, USB Type-A 2.0",1000,0.0,Unknown
Axiom Mobile-D,0.0,Portable,USB Type-A 3.2 Gen 1,1000,0.0,Unknown
Axiom Mobile-D,0.0,Portable,USB Type-A 3.2 Gen 1,250,0.0,Unknown
Axiom Mobile-D,0.0,Portable,USB Type-A 3.2 Gen 1,320,0.0,Unknown
Axiom Mobile-D,0.0,Portable,USB Type-A 3.2 Gen 1,500,0.0,Unknown
Axiom Mobile-D,0.0,Portable,USB Type-A 3.2 Gen 1,750,0.0,Unknown
Axiom Mobile-D,0.0,Portable,USB Type-A 3.2 Gen 1,250,0.0,Unknown
Axiom Mobile-D,0.0,Portable,USB Type-A 3.2 Gen 1,320,0.0,Unknown
Axiom Mobile-D,0.0,Portable,USB Type-A 3.2 Gen 1,500,0.0,Unknown
Transcend StoreJet,0.0,Portable,USB Type-A 2.0,750,0.0,Unknown
Transcend StoreJet,0.0,Portable,USB Type-A 3.2 Gen 1,500,0.0,Unknown
Transcend StoreJet,0.0,Portable,USB Type-A 2.0,500,0.0,Unknown
Transcend StoreJet,0.0,Portable,USB Type-A 2.0,500,0.0,Unknown
Imation Apollo Expert,0.0,Portable,USB Type-A 3.2 Gen 1,1000,0.0,Unknown
Toshiba Canvio Connect,0.0,Portable,USB Type-A 3.2 Gen 1,500,0.0,Unknown
Toshiba Canvio Connect,0.0,Portable,USB Type-A 3.2 Gen 1,500,0.0,Unknown
Toshiba Canvio Connect,0.0,Portable,USB Type-A 3.2 Gen 1,750,0.0,Unknown
Toshiba Canvio Connect,0.0,Portable,USB Type-A 3.2 Gen 1,750,0.0,Unknown
Toshiba Canvio Connect,0.0,Portable,USB Type-A 3.2 Gen 1,750,0.0,Unknown
Toshiba Canvio Connect,0.0,Portable,USB Type-A 3.2 Gen 1,750,0.0,Unknown
Toshiba Canvio Connect,0.0,Portable,USB Type-A 3.2 Gen 1,1000,0.0,Unknown
Toshiba Canvio Connect,0.0,Portable,USB Type-A 3.2 Gen 1,1000,0.0,Unknown
Toshiba Canvio Connect,0.0,Portable,USB Type-A 3.2 Gen 1,1000,0.0,Unknown
Toshiba Canvio Connect,0.0,Portable,USB Type-A 3.2 Gen 1,1000,0.0,Unknown
Toshiba Canvio Connect,0.0,Portable,USB Type-A 3.2 Gen 1,1000,0.0,Unknown
Toshiba Canvio Connect,0.0,Portable,USB Type-A 3.2 Gen 1,1500,0.0,Unknown
Toshiba Canvio Connect,0.0,Portable,USB Type-A 3.2 Gen 1,1500,0.0,Unknown
Toshiba Canvio Connect,0.0,Portable,USB Type-A 3.2 Gen 1,1500,0.0,Unknown
Toshiba Canvio Connect,0.0,Portable,USB Type-A 3.2 Gen 1,1500,0.0,Unknown
Toshiba Canvio Connect,0.0,Portable,USB Type-A 3.2 Gen 1,1500,0.0,Unknown
Toshiba Canvio Connect,0.0,Portable,USB Type-A 3.2 Gen 1,2000,0.0,Unknown
Toshiba Canvio Connect,0.0,Portable,USB Type-A 3.2 Gen 1,2000,0.0,Unknown
Toshiba Canvio Connect,0.0,Portable,USB Type-A 3.2 Gen 1,2000,0.0,Unknown
Toshiba Canvio Connect,0.0,Portable,USB Type-A 3.2 Gen 1,2000,0.0,Unknown
Toshiba Canvio Slim II,101.0,Portable,USB Type-A 3.2 Gen 1,1000,0.101,Unknown
Lenovo ThinkPad,0.0,Portable,USB Type-A 3.2 Gen 1,500,0.0,Unknown
Transcend TS128GESD200K,0.0,Portable,USB Type-A 3.2 Gen 1,128,0.0,Unknown
Transcend TS128GSJC10K,0.0,Portable,USB Type-A 3.2 Gen 1,128,0.0,Unknown
Transcend StoreJet,0.0,Portable,USB Type-A 3.2 Gen 1,1000,0.0,Unknown
Western Digital My Passport,0.0,Portable,USB Type-A 3.2 Gen 1,2000,0.0,Unknown
Apricorn Padlock SSD,186.03,Portable,USB Type-A 3.2 Gen 1,240,0.775,Black
Apricorn Padlock SSD,289.95,Portable,USB Type-A 3.2 Gen 1,480,0.604,Black
SanDisk Extreme 900,0.0,Portable,USB Type-A 3.2 Gen 2,1920,0.0,Unknown
SanDisk Extreme 900,0.0,Portable,USB Type-A 3.2 Gen 2,480,0.0,Unknown
Seagate Backup Plus,0.0,Portable,USB Type-A 3.2 Gen 1,4000,0.0,Unknown
Seagate STDR5000100,0.0,Portable,Unknown,5000,0.0,Unknown
ADATA SD600,0.0,Portable,USB Type-A 3.2 Gen 1,256,0.0,Unknown
ADATA SD600,0.0,Portable,USB Type-A 3.2 Gen 1,256,0.0,Unknown
ADATA SD600,0.0,Portable,USB Type-A 3.2 Gen 1,512,0.0,Unknown
ADATA SD600,0.0,Portable,USB Type-A 3.2 Gen 1,512,0.0,Unknown
ADATA SD700,0.0,Portable,USB Type-A 3.2 Gen 1,1000,0.0,Unknown
ADATA SD700,164.8,Portable,USB Type-A 3.2 Gen 1,256,0.644,Unknown
ADATA SD700,0.0,Portable,USB Type-A 3.2 Gen 1,256,0.0,Unknown
ADATA SD700,0.0,Portable,USB Type-A 3.2 Gen 1,512,0.0,Unknown
ADATA SD700,0.0,Portable,USB Type-A 3.2 Gen 1,512,0.0,Unknown
Seagate Backup Plus Portable,0.0,Portable,USB Type-A 3.2 Gen 1,5000,0.0,Silver
Seagate Backup Plus Portable,0.0,Portable,USB Type-A 3.2 Gen 1,5000,0.0,Blue
Seagate Backup Plus Portable,0.0,Portable,USB Type-A 3.2 Gen 1,5000,0.0,Black
Apricorn Aegis Padlock Fortress,251.29,Portable,USB Type-A 3.2 Gen 1,2000,0.126,Black
Buffalo Technology Americas MiniStation,0.0,Portable,USB Type-A 3.2 Gen 1,2000,0.0,Black
Apricorn Apricorn Aegis Padlock,0.0,Portable,USB Type-A 3.2 Gen 1,128,0.0,Black
Buffalo Technology Americas MiniStation,0.0,Portable,USB Type-A 3.2 Gen 1,1000,0.0,Black
Apricorn Aegis Padlock DT,0.0,Portable,USB Type-A 3.2 Gen 1,14000,0.0,Black
Apricorn Aegis Fortress,294.99,Portable,USB Type-A 3.2 Gen 1,512,0.576,Black
Seagate Backup Plus Portable,184.49,Portable,USB Type-A 3.2 Gen 1,4000,0.046,Blue / White
Seagate Backup Plus Portable,0.0,Portable,USB Type-A 3.2 Gen 1,5000,0.0,Blue / White
Seagate Backup Plus Ultra Touch,0.0,Portable,USB Type-A 3.2 Gen 1,1000,0.0,White
Seagate Backup Plus Ultra Touch,0.0,Portable,USB Type-A 3.2 Gen 1,2000,0.0,White
Western Digital G-DRIVE Mobile,0.0,Portable,"USB Type-A 2.0, USB Type-C 3.2 Gen 1",4000,0.0,Silver
Western Digital G-DRIVE ev RaW,0.0,Portable,"USB Type-A 2.0, USB Type-A 3.2 Gen 1",2000,0.0,Silver
Western Digital G-DRIVE Mobile,0.0,Portable,USB Type-C 3.2 Gen 1,2000,0.0,Silver
Western Digital G-DRIVE Mobile,0.0,Portable,USB Type-C 3.2 Gen 1,2000,0.0,Silver
Western Digital G-DRIVE Mobile,0.0,Portable,USB Type-C 3.2 Gen 1,1000,0.0,Silver
Western Digital My Passport,69.98,Portable,USB Type-A 3.2 Gen 1,1000,0.07,Red
Apacer AS722,0.0,Portable,USB Type-C 3.2 Gen 1,512,0.0,Black
Apacer AS722,0.0,Portable,USB Type-C 3.2 Gen 1,1000,0.0,Black
Apacer AS721,0.0,Portable,USB Type-C 3.2 Gen 1,250,0.0,Black
Apacer AS721,0.0,Portable,USB Type-C 3.2 Gen 1,500,0.0,Black
Apacer AS721,0.0,Portable,USB Type-C 3.2 Gen 1,1000,0.0,Black
SanDisk G-DRIVE ArmorLock,0.0,Portable,USB Type-C 3.2 Gen 1,1000,0.0,Black / Yellow
SanDisk G-DRIVE ArmorLock,189.99,Portable,USB Type-C 3.2 Gen 1,2000,0.095,Black / Yellow
Samsung T7 Portable,0.0,Portable,USB Type-C 3.2 Gen 2,500,0.0,Black
Samsung T5 Portable,0.0,Portable,USB Type-C 3.2 Gen 2,1000,0.0,Red
Samsung T5 Portable,0.0,Portable,USB Type-C 3.2 Gen 2,500,0.0,Red
Samsung T5 Portable,0.0,Portable,USB Type-C 3.2 Gen 2,500,0.0,Gold
Samsung T3 Portable,0.0,Portable,USB Type-C 3.2 Gen 1,1000,0.0,Unknown
Samsung T3 Portable,0.0,Portable,USB Type-C 3.2 Gen 1,500,0.0,Unknown
Samsung T3 Portable,0.0,Portable,USB Type-C 3.2 Gen 1,2000,0.0,Unknown
Seagate One Touch,133.58,Portable,"USB Type-A 3.2 Gen 2, USB Type-C 3.2 Gen 2",1000,0.134,Blue
Seagate One Touch,99.0,Portable,"USB Type-A 3.2 Gen 2, USB Type-C 3.2 Gen 2",1000,0.099,Silver
Seagate One Touch,99.99,Portable,"USB Type-A 3.2 Gen 2, USB Type-C 3.2 Gen 2",1000,0.1,Black
Seagate One Touch,0.0,Portable,"USB Type-A 3.2 Gen 2, USB Type-C 3.2 Gen 2",500,0.0,Blue
Seagate One Touch,160.02,Portable,"USB Type-A 3.2 Gen 2, USB Type-C 3.2 Gen 2",500,0.32,Silver
Seagate One Touch,0.0,Portable,USB Type-A 3.2 Gen 1,1000,0.0,Silver
Seagate One Touch,0.0,Portable,USB Type-A 3.2 Gen 1,1000,0.0,Blue
Seagate One Touch,0.0,Portable,USB Type-A 3.2 Gen 1,1000,0.0,Red
Seagate One Touch,109.99,Portable,USB Type-A 3.2 Gen 1,1000,0.11,Gray
Seagate One Touch,83.54,Portable,USB Type-A 3.2 Gen 1,2000,0.042,Blue
Seagate One Touch,0.0,Portable,USB Type-A 3.2 Gen 1,2000,0.0,Red
Seagate One Touch,149.0,Portable,USB Type-A 3.2 Gen 1,2000,0.074,Gray
Seagate One Touch,0.0,Portable,USB Type-A 3.2 Gen 1,4000,0.0,Red
Seagate One Touch,0.0,Portable,USB Type-A 3.2 Gen 1,4000,0.0,Gray
Seagate One Touch,0.0,Portable,USB Type-A 3.2 Gen 1,5000,0.0,Blue
Seagate One Touch,0.0,Portable,USB Type-A 3.2 Gen 1,5000,0.0,Gray
Crucial X8,0.0,Portable,"USB Type-A 3.2 Gen 1, USB Type-C 3.2 Gen 2",500,0.0,Black
Silicon Power PC60,0.0,Portable,USB Type-C 3.2 Gen 2,4000,0.0,Black
Silicon Power PC60,0.0,Portable,USB Type-C 3.2 Gen 2,1920,0.0,Black
Silicon Power PC60,81.94,Portable,USB Type-C 3.2 Gen 2,1000,0.082,Black
Silicon Power PC60,138.97,Portable,USB Type-C 3.2 Gen 2,960,0.145,Black
Silicon Power Bolt B75 Pro,0.0,Portable,USB Type-C 3.2 Gen 2,512,0.0,Black
Silicon Power Bolt B75 Pro,0.0,Portable,USB Type-C 3.2 Gen 2,256,0.0,Black
Silicon Power Bolt B75,0.0,Portable,USB Type-C 3.2 Gen 1,4000,0.0,Silver
Silicon Power Bolt B75,0.0,Portable,USB Type-C 3.2 Gen 1,2000,0.0,Silver
Silicon Power Bolt B75,0.0,Portable,USB Type-C 3.2 Gen 1,1000,0.0,Silver
Silicon Power Bolt B75,222.69,Portable,USB Type-C 3.2 Gen 1,960,0.232,Silver
Silicon Power Bolt B75,0.0,Portable,USB Type-C 3.2 Gen 1,512,0.0,Silver
Silicon Power Bolt B75,0.0,Portable,USB Type-C 3.2 Gen 1,256,0.0,Silver
Silicon Power Bolt B75,0.0,Portable,USB Type-C 3.2 Gen 1,240,0.0,Silver
Silicon Power Bolt B75,0.0,Portable,USB Type-C 3.2 Gen 1,128,0.0,Silver
Silicon Power Bolt B75,0.0,Portable,USB Type-C 3.2 Gen 1,120,0.0,Silver
Silicon Power Stream S05,0.0,Portable,USB Type-A 3.2 Gen 1,5000,0.0,Black
Silicon Power Stream S05,0.0,Portable,USB Type-A 3.2 Gen 1,4000,0.0,Black
Silicon Power Stream S05,0.0,Portable,USB Type-A 3.2 Gen 1,2000,0.0,Black
Silicon Power Stream S05,0.0,Portable,USB Type-A 3.2 Gen 1,1000,0.0,Black
VisionTek 901196,0.0,Portable,USB Type-C,1000,0.0,Black
VisionTek 901377,0.0,Portable,USB Type-C,4000,0.0,Black
VisionTek 901378,0.0,Portable,USB Type-C,8000,0.0,Black
Apricorn Aegis Fortress L3,227.99,Portable,"USB Type-A 3.2 Gen 1, USB Type-C 3.2 Gen 1",500,0.456,Black
Apricorn Aegis Fortress L3,0.0,Portable,"USB Type-A 3.2 Gen 1, USB Type-C 3.2 Gen 1",1000,0.0,Black
Apricorn Aegis Fortress L3,295.47,Portable,"USB Type-A 3.2 Gen 1, USB Type-C 3.2 Gen 1",2000,0.148,Black
Apricorn Aegis Fortress L3,394.34,Portable,"USB Type-A 3.2 Gen 1, USB Type-C 3.2 Gen 1",4000,0.099,Black
Apricorn Aegis Fortress L3,428.04,Portable,"USB Type-A 3.2 Gen 1, USB Type-C 3.2 Gen 1",1000,0.428,Black
Apricorn NVX,317.75,Portable,USB Type-C 3.2 Gen 2,500,0.635,Black
Apricorn NVX,529.99,Portable,USB Type-C 3.2 Gen 2,1000,0.53,Black
Apricorn NVX,631.47,Portable,USB Type-C 3.2 Gen 2,2000,0.316,Black
Apricorn Aegis Fortress,198.56,Portable,USB Type-A 3.2 Gen 1,256,0.776,Black
Apricorn Aegis Fortress,769.0,Portable,USB Type-A 3.2 Gen 1,2000,0.385,Black
Apricorn Aegis Padlock 3.0,182.99,Portable,USB Type-A 3.2 Gen 1,1000,0.183,Black
Apricorn Aegis Padlock 3.0,216.99,Portable,USB Type-A 3.2 Gen 1,2000,0.108,Black
Apricorn Aegis Padlock 3.0,289.0,Portable,USB Type-A 3.2 Gen 1,512,0.564,Black
Apricorn Aegis Padlock 3.0,0.0,Portable,USB Type-A 3.2 Gen 1,1000,0.0,Black
Apricorn Aegis Padlock 3.0,724.95,Portable,USB Type-A 3.2 Gen 1,2000,0.362,Black
Apricorn Aegis Padlock 3.0,1267.5,Portable,USB Type-A 3.2 Gen 1,4000,0.317,Black
Apricorn Padlock SSD,458.76,Portable,USB Type-A 3.2 Gen 1,1000,0.459,Black
Apricorn Padlock SSD,604.99,Portable,USB Type-A 3.2 Gen 1,2000,0.302,Black
Sabrent Rocket Nano,0.0,Portable,USB Type-C 3.2 Gen 2,512,0.0,Silver
Sabrent Rocket Nano,0.0,Portable,USB Type-C 3.2 Gen 2,512,0.0,Black
Sabrent Rocket Nano,109.99,Portable,USB Type-C 3.2 Gen 2,512,0.215,Gold
Sabrent Rocket Nano,119.15,Portable,USB Type-C 3.2 Gen 2,512,0.233,Blue
Sabrent Rocket Nano,109.99,Portable,USB Type-C 3.2 Gen 2,512,0.215,Red
Sabrent Rocket Nano,0.0,Portable,USB Type-C 3.2 Gen 2,1000,0.0,Blue
Sabrent Rocket Nano,169.99,Portable,USB Type-C 3.2 Gen 2,1000,0.17,Red
Sabrent Rocket Nano,0.0,Portable,USB Type-C 3.2 Gen 2,2000,0.0,Black
Sabrent Rocket Nano,245.03,Portable,USB Type-C 3.2 Gen 2,2000,0.123,Gold
Sabrent Rocket Nano,263.48,Portable,USB Type-C 3.2 Gen 2,2000,0.132,Blue
Sabrent Rocket Nano,306.5,Portable,USB Type-C 3.2 Gen 2,2000,0.153,Red
Sabrent Rocket Nano Rugged,143.35,Portable,USB Type-C 3.2 Gen 2,512,0.28,Silver
Sabrent Rocket XTRM-Q,0.0,Portable,USB Type-C 3.2 Gen 2,500,0.0,Black
Sabrent Rocket XTRM-Q,0.0,Portable,USB Type-C 3.2 Gen 2,2000,0.0,Black
Sabrent Rocket Pro,199.99,Portable,USB Type-C 3.2 Gen 2,1000,0.2,Silver
Sabrent Rocket Pro,0.0,Portable,USB Type-C 3.2 Gen 2,2000,0.0,Silver
Sabrent Rocket Pro,0.0,Portable,USB Type-C 3.2 Gen 2,4000,0.0,Silver
Sabrent Rocket nano XTRM,169.99,Portable,USB Type-C 3.2 Gen 2,1000,0.17,Black
TEAMGROUP PD20M Mag,164.99,Portable,USB Type-C 3.2 Gen 2,2000,0.082,Black
Lexar SL210,0.0,Portable,USB Type-C 3.2 Gen 1,500,0.0,Black
Lexar SL210,0.0,Portable,USB Type-C 3.2 Gen 1,1000,0.0,Black
Lexar SL210,0.0,Portable,USB Type-C 3.2 Gen 1,2000,0.0,Black
Lexar Professional SL600,184.99,Portable,USB Type-C 3.2 Gen 2x2,2000,0.092,Black
Lexar Professional SL600,0.0,Portable,USB Type-C 3.2 Gen 2x2,512,0.0,Black
Lexar SL500,0.0,Portable,USB Type-C 3.2 Gen 2x2,4000,0.0,Black
Lexar SL500,174.26,Portable,USB Type-C 3.2 Gen 2x2,2000,0.087,Black
Lexar SL500,115.25,Portable,USB Type-C 3.2 Gen 2x2,1000,0.115,Black
Lexar SL500,0.0,Portable,USB Type-C 3.2 Gen 2x2,512,0.0,Black
TEAMGROUP T-Create CinemaPr P31,0.0,Portable,USB Type-C 3.2 Gen 2x2,4000,0.0,Black
TEAMGROUP T-Create CinemaPr P31,0.0,Portable,USB Type-C 3.2 Gen 2x2,2000,0.0,Black
TEAMGROUP T-Create CinemaPr P31,0.0,Portable,USB Type-C 3.2 Gen 2x2,1000,0.0,Black
TEAMGROUP T-Create CinemaPr P31,0.0,Portable,USB Type-C 3.2 Gen 2x2,1000,0.0,Gray
TEAMGROUP T-Create CinemaPr P31,0.0,Portable,USB Type-C 3.2 Gen 2x2,2000,0.0,Gray
